Id;TIPO;SOTTO_TIPO;DENOMINAZI;PROV;COMUNE;CRONOLOGIA;PROP_ATT;USO_ATT;WEB_LINK;IMAGE_ICO;IMAGE_LINK;"NOTE_1";cons;OBJECTID_1;OBJECTID;longitude;latitude;PRO_COM_T;data_caricamento
false;NULL;NULL;"Castello di Burgio";AG;Burgio;"XII sec.";pubblica;"Spazio espositivo";"www.comune.burgio.ag.it/castello.htm";"http://gis.osservatorioturistico.sicilia.it/doc/foto/castelli/ico/Burgio_ico.jpg";"http://gis.osservatorioturistico.sicilia.it/doc/foto/castelli/Burgio.jpg";"L'edificio è conservato nelle sue parti principali. E' possibile visitarlo interamente.";E;"1";"1";"13.292654245411170";"37.600705776728520";"084005";"1587553707"
false;NULL;NULL;"Castello di Cammarata";AG;Cammarata;"XIII sec.";"pubblica- privata";"Spazio espositivo, monastero";"www.comune.cammarata.ag.it/site/la-storia";"http://gis.osservatorioturistico.sicilia.it/doc/foto/castelli/ico/Cammarata_ico.jpg";"http://gis.osservatorioturistico.sicilia.it/doc/foto/castelli/Cammarata.jpg";"Resti o parti inglobate in strutture successive tipologicamente diverse. Oggi la torre è utilizzata per mostre e allestimenti vari.";E;"2";"2";"13.639128214393460";"37.635347932004590";"084009";"1587553707"
false;NULL;NULL;"Castello di Favara";AG;Favara;"XIII-XIV sec.";"pubblica-privata";"Spazio espositivo";"www.prolocofavara.it/beni-culturali/castello-chiaramonte/";"http://gis.osservatorioturistico.sicilia.it/doc/foto/castelli/ico/Favara_ico.jpg";"http://gis.osservatorioturistico.sicilia.it/doc/foto/castelli/Favara.jpg";"Complesso architettonico conservato nelle parti principali. Oggi utilizzato per eventi culturali e sede di una mostra permanente del pittore P.Farruggia.";E;"3";"3";"13.660904869055786";"37.314902431201645";"084017";"1587553707"
false;NULL;NULL;"Castello di Montechiaro";AG;"Palma di Montechiaro";"XIVsec.";privata;Visitabile;"www.comune.palmadimontechiaro.ag.it/flex/cm/pages/ServeBLOB.php/L/IT/IDPagina/364";"http://gis.osservatorioturistico.sicilia.it/doc/foto/castelli/ico/Montechiaro_ico.jpg";"http://gis.osservatorioturistico.sicilia.it/doc/foto/castelli/Montechiaro.jpg";"Complesso architettonico conservato nelle parti principali. All'interno della cappella è custodita una statua della Madonna di Montechiaro di scuola gaginiana.";E;"4";"4";"13.695696835711090";"37.183576941887740";"084027";"1587553707"
false;NULL;NULL;"Castello di Naro";AG;Naro;"XIIIsec.fine";pubblica;"Spazio espositivo";"www.comune.naro.ag.it/index.php?option=com_content&view=category&layout=blog&id=9&Itemid=13";"http://gis.osservatorioturistico.sicilia.it/doc/foto/castelli/ico/Naro_ico.jpg";"http://gis.osservatorioturistico.sicilia.it/doc/foto/castelli/Naro.jpg";"Complesso architettonico interamente conservato.";E;"5";"5";"13.793741960416540";"37.297854251685970";"084026";"1587553707"
false;NULL;NULL;"Castello di Racalmuto";AG;Racalmuto;"XIVsec.";pubblica;"Spazio espositivo";"www.comune.racalmuto.ag.it/cms/-431-9/storia-e-altro.htm";"http://gis.osservatorioturistico.sicilia.it/doc/foto/castelli/ico/Racalmuto_ico.jpg";"http://gis.osservatorioturistico.sicilia.it/doc/foto/castelli/Racalmuto.jpg";"Complesso architettonico conservato nelle parti principali.";E;"6";"6";"13.734085259269733";"37.409385371170320";"084029";"1587553707"
false;NULL;NULL;"Castello Nuovo o di Luna";AG;Sciacca;"XIV sec.";pubblica;"Spazio attività teatrali";"www.castelloluna.it/";"http://gis.osservatorioturistico.sicilia.it/doc/foto/castelli/ico/Castello_di_Luna_ico.jpg";"http://gis.osservatorioturistico.sicilia.it/doc/foto/castelli/Castello_di_Luna.jpg";"Resti fuori terra visibili che consentono una lettura ricostruttiva generale dell'impianto.";E;"7";"7";"13.087229245704874";"37.508482489279345";"084041";"1587553707"
false;NULL;NULL;"Castello di Siculiana";AG;Siculiana;"XIV sec.";privata;Visitabile;"www.siculianaonline.it/p/il-castello-chiaramonte.html";"http://gis.osservatorioturistico.sicilia.it/doc/foto/castelli/ico/Siculiana_ico.jpg";"http://gis.osservatorioturistico.sicilia.it/doc/foto/castelli/Siculiana.jpg";"Complesso architettonico distrutto parzialmente, parti originarie superstiti.";E;"8";"8";"13.419629968033530";"37.338015415371274";"084042";"1587553707"
false;NULL;NULL;"Castello di Falconara";CL;Butera;"XV-XX sec.";privata;Residenziale;"www.comunedibutera.it/arte_e_cultura.html";"http://gis.osservatorioturistico.sicilia.it/doc/foto/castelli/ico/Falconara_ico.jpg";"http://gis.osservatorioturistico.sicilia.it/doc/foto/castelli/Falconara.jpg";"Nucleo originario inglobato in strutture successive tipologicamente diverse.";E;"9";"9";"14.052684192123913";"37.108448523271880";"085003";"1587553707"
false;NULL;NULL;"Castello di Butera";CL;Butera;"XII sec.";pubblica;"Ospita mostre temporanee";"www.comunedibutera.it/arte_e_cultura.html";"http://gis.osservatorioturistico.sicilia.it/doc/foto/castelli/ico/Butera_ico.jpg";"http://gis.osservatorioturistico.sicilia.it/doc/foto/castelli/Butera.jpg";"Resti fuori terra che consentono una lettura ricostruttiva generale dell'impianto.";E;"10";"10";"14.187215483866597";"37.184121451419905";"085003";"1587553707"
false;NULL;NULL;"Gela Castelluccio";CL;Gela;"XIII-XVI sec.";pubblica;Visitabile;"www.comunedibutera.it/arte_e_cultura.html";"http://gis.osservatorioturistico.sicilia.it/doc/foto/castelli/ico/Castelluccio_ico.jpg";"http://gis.osservatorioturistico.sicilia.it/doc/foto/castelli/Castelluccio.jpg";"Resti fuori terra visibili che consentono una lettura ricostruttiva generale dell'impianto.";E;"11";"11";"14.284491475243621";"37.123566449973960";"085007";"1587553707"
false;NULL;NULL;"Castello di Alcamo";TP;Alcamo;"1350 ca.";pubblica;"Museo enoteca storica Reg.le";"www.icastelli.it/castle-1234870551-castello_di_alcamo-it.php";"http://gis.osservatorioturistico.sicilia.it/doc/foto/castelli/ico/Alcamo_ico.JPG";"http://gis.osservatorioturistico.sicilia.it/doc/foto/castelli/Alcamo.JPG";"Il complesso architettonico è conservato nelle sue strutture principali.";E;"12";"12";"12.966839626464793";"37.979622604685040";"081001";"1587553707"
false;NULL;NULL;"Castello di Baida";TP;"Castellammare del Golfo";"XII-XVI sec.";privata;"Masseria e case di abitazione";"www.turismo.trapani.it/it/1202/castello-di-baida.htmlRes";"http://gis.osservatorioturistico.sicilia.it/doc/foto/castelli/ico/Baida_ico.jpg";"http://gis.osservatorioturistico.sicilia.it/doc/foto/castelli/Baida.jpg";"Resti fuori terra visibili che consentono una lettura ricostruttiva parziale dell'impianto.";E;"13";"13";"12.796250943866895";"38.036558092970820";"081005";"1587553707"
false;NULL;NULL;"Castello di Calatubo";TP;Alcamo;"XI-XX sec.";pubblica;Nessuno;"www.comune.alcamo.tp.it/turismo/itinerari/55-i-tre-castelli.html";"http://gis.osservatorioturistico.sicilia.it/doc/foto/castelli/ico/Calatubo_ico.jpg";"http://gis.osservatorioturistico.sicilia.it/doc/foto/castelli/Calatubo.jpg";"Complesso architettonico conservato nelle parti principali.";E;"14";"14";"12.985004183833396";"38.015047852907360";"081001";"1587553707"
false;NULL;NULL;"Castello di Calatafimi";TP;Calatafimi;"XII sec.-1881";pubblica;Nessuno;"www.comune.calatafimisegesta.tp.it/index.php?area=1&link=16&idi=45&pag=0#galleria";"http://gis.osservatorioturistico.sicilia.it/doc/foto/castelli/ico/Calatafimi_ico.jpg";"http://gis.osservatorioturistico.sicilia.it/doc/foto/castelli/Calatafimi.jpg";"Complesso architettonico conservato nelle parti principali.";E;"15";"15";"12.855445525806568";"37.913001023769304";"081003";"1587553707"
false;NULL;NULL;"Castello di Calatabarbaro";TP;"Calatafimi Segesta";"1293-1558";pubblica;"Parco archeologico";"www.regione.sicilia.it/beniculturali/dirbenicult/database/page_musei/pagina_musei.asp?ID=57&IdSito=91";"http://gis.osservatorioturistico.sicilia.it/doc/foto/castelli/ico/Calatabarbo_ico.jpg";"http://gis.osservatorioturistico.sicilia.it/doc/foto/castelli/Calatabarbaro.jpg";"Resti che consentono una lettura ricostruttiva dell'impianto.";E;"16";"16";"12.843936817626146";"37.940283965166934";"081003";"1587553707"
false;NULL;NULL;"Castellammare del Golfo";TP;Castellammare;"XI-XIX sec.";pubblica;"Capitaneria di porto e museo";"www.castellammaredelgolfo.org/il-castello-arabo-normanno";"http://gis.osservatorioturistico.sicilia.it/doc/foto/castelli/ico/Castellammare_ico.jpg";"http://gis.osservatorioturistico.sicilia.it/doc/foto/castelli/Castellammare_del_Golfo.jpg";"Resti fuori terra visibili che consentono una parziale lettura ricostruttiva dell'impianto.";E;"17";"17";"12.881737253641410";"38.030587443594350";"081005";"1587553707"
false;NULL;NULL;"Castello di Castelvetrano";TP;Castelvetrano;"XII-XVIII sec.";pubblica;"Palazzo municipale";"castelvetranoselinunte.gov.it/p/4774/guida-citt-storia-cultura-tradizioni.aspx";"http://gis.osservatorioturistico.sicilia.it/doc/foto/castelli/ico/Castelvetrano_ico.jpg";"http://gis.osservatorioturistico.sicilia.it/doc/foto/castelli/Castelvetrano.jpg";"Parti inglobate in strutture successive e tipologicamente diverse.";E;"18";"18";"12.791459060883122";"37.678784934580140";"081006";"1587553707"
false;NULL;NULL;"Castello di Erice";TP;Erice;"XII-XIX sec.";pubblica;Nessuno;"www.fondazioneericearte.org/castellodivenere.php";"http://gis.osservatorioturistico.sicilia.it/doc/foto/castelli/ico/Erice_ico.jpg";"http://gis.osservatorioturistico.sicilia.it/doc/foto/castelli/Erice.jpg";"Complesso architettonico conservato nelle parti principali.";E;"19";"19";"12.591924009024433";"38.035308743293770";"081008";"1587553707"
false;NULL;NULL;"Castello di Pantelleria";TP;Pantelleria;"XIII-XIX sec.";pubblica;"Destinazione museale";"www.icastelli.it/castle-1234871314-castello_barbacane_di_pantelleria-it.php";"http://gis.osservatorioturistico.sicilia.it/doc/foto/castelli/ico/Pantelleria_ico.jpg";"http://gis.osservatorioturistico.sicilia.it/doc/foto/castelli/Pantelleria.jpg";"Costruito interamente in pietra lavica il manufatto è composto da 4 piani di cui uno quasi completamente interrato. Struttura integra.";E;"20";"20";"11.943637691691476";"36.831272673791150";"081014";"1587553707"
false;NULL;NULL;"Castello di Partanna";TP;Partanna;"XIV-XVII sec.";pubblica;"Museo della preistoria";"www.comune.partanna.tp.it/hold/index.php?option=com_content&task=view&id=14&Itemid=33";"http://gis.osservatorioturistico.sicilia.it/doc/foto/castelli/ico/Partanna_ico.jpg";"http://gis.osservatorioturistico.sicilia.it/doc/foto/castelli/Partanna.jpg";"Complesso architettonico conservato nelle parti principali.";E;"21";"21";"12.888876491372140";"37.720109976325936";"081015";"1587553707"
false;NULL;NULL;"Castello di Salemi";TP;Salemi;"XII-XIV sec.";pubblica;Visitabile;"www.giovanninuzzo.com/index.php?toc=331&gen=";"http://gis.osservatorioturistico.sicilia.it/doc/foto/castelli/ico/Salemi_ico.jpg";"http://gis.osservatorioturistico.sicilia.it/doc/foto/castelli/Salemi.jpg";"Complesso architettonico conservato nelle parti principali.";E;"22";"22";"12.800999588004647";"37.818099093473386";"081018";"1587553707"
false;NULL;NULL;"Castello di Terra";TP;Trapani;"XIII-XVII sec.";pubblica;nessuno;"www.comune.trapani.it/turismo/torri.htm";"http://gis.osservatorioturistico.sicilia.it/doc/foto/castelli/ico/Castello_di_terra_ico.jpg";"http://gis.osservatorioturistico.sicilia.it/doc/foto/castelli/Castello_di_Terrra.jpg";"Complesso architettonico conservato nelle parti principali.";E;"23";"23";"12.514149897392059";"38.019125157808865";"081021";"1587553707"
false;NULL;NULL;"Torre-fortezza della Colombara";TP;Trapani;"XIII-XVII sec.";pubblica;nessuno;"www.comune.trapani.it/salinecolombaia/storia/index.html";"http://gis.osservatorioturistico.sicilia.it/doc/foto/castelli/ico/Colombara_ico.jpg";"http://gis.osservatorioturistico.sicilia.it/doc/foto/castelli/Colombara.jpg";"Complesso architettonico conservato nelle parti principali.";E;"24";"24";"12.495930365252086";"38.010772873285390";NULL;"1587553707"
false;NULL;NULL;"Castello Battalari o Patellaro";PA;Bisacquino;"XII-XIV sec.";privata;"Masseria abbandonata";"www.icastelli.it/castle-1234885437-castello_di_battalari_o_di_patellaro-it.php";"http://gis.osservatorioturistico.sicilia.it/doc/foto/castelli/ico/Battalari_ico.jpg";"http://gis.osservatorioturistico.sicilia.it/doc/foto/castelli/Bisacquino.jpg";"Resti inglobati in strutture successive e tipologicamente diverse.";E;"25";"25";"13.207693471571021";"37.729224205339470";"082010";"1587553707"
false;NULL;NULL;"Castello di Caccamo";PA;Caccamo;"XI-XII sec.";pubblica;Visitabile;"www.caccamo.sicilia.it/monumenti/33-castello/46-visita-al-castello";"http://gis.osservatorioturistico.sicilia.it/doc/foto/castelli/ico/Caccamo_ico.jpg";"http://gis.osservatorioturistico.sicilia.it/doc/foto/castelli/Caccamo.jpg";"Complesso architettonico conservato nelle sue parti principali.";E;"26";"26";"13.659737764960026";"37.931883402568780";"082014";"1587553707"
false;NULL;NULL;"Castello di Carini";PA;Carini;"XII-XVIII sec.";pubblica;"Manifestazioni socio-culturale";"www.comune.carini.pa.it/castello.asp";"http://gis.osservatorioturistico.sicilia.it/doc/foto/castelli/ico/Carini_ico.jpg";"http://gis.osservatorioturistico.sicilia.it/doc/foto/castelli/Carini.jpg";"Complesso interamente conservato ad eccezione dell'ala ovest crollata nel 1976.";E;"27";"27";"13.181510208600882";"38.133621047153575";"082021";"1587553707"
false;NULL;NULL;"Castello di Castelbuono";PA;Castelbuono;"XIII-XVIII sec.";pubblica;"Sede museale e di congressi";"80.23.219.147/castelbuono/mm/mm_p_elenco.php";"http://gis.osservatorioturistico.sicilia.it/doc/foto/castelli/ico/Castelbuono_ico.jpg";"http://gis.osservatorioturistico.sicilia.it/doc/foto/castelli/Castelbuono.jpg";"Complesso architettonico conservato nelle parti principali.";E;"28";"28";"14.088500399141852";"37.934728775127200";"082022";"1587553707"
false;NULL;NULL;"Castello di Castronovo";PA;Castronovo;"XI-XV sec.";pubblica;Nessuno;"www.comune.castronovodisicilia.pa.it/2011/11/08/salvalarte-sicilia-si-occupa-del-colle-san-vitale/";"http://gis.osservatorioturistico.sicilia.it/doc/foto/castelli/ico/Castronovo_ico.jpg";"http://gis.osservatorioturistico.sicilia.it/doc/foto/castelli/Castronovo.jpg";"Resti fuori terra visibili che consentono almeno in parte, una lettura ricostruttiva generale dell'impianto.";E;"29";"29";"13.599540006685185";"37.678136941920600";"082025";"1587553707"
false;NULL;NULL;"Castello di Cefalà Diana";PA;"Cefalà Diana";"XIV-XVIIIsec.";pubblica;"Monumento aperto al pubblico";"www.comune.cefaladiana.pa.it/index.php?pagina=citta";"http://gis.osservatorioturistico.sicilia.it/doc/foto/castelli/ico/Cefalà_ico.jpg";"http://gis.osservatorioturistico.sicilia.it/doc/foto/castelli/Cefalà.jpg";"Complesso architettonico conservato nelle parti principali.";E;"30";"30";"13.466943070548641";"37.917325385816090";"082026";"1587553707"
false;NULL;NULL;"Castello di Cefalù";PA;Cefalù;"XII-XVII sec.";pubblica;"Area archeologica e punto";"www.icastelli.it/castle-1234885918-castello_di_cefalu-it.php";"http://gis.osservatorioturistico.sicilia.it/doc/foto/castelli/ico/Cefalù_ico.jpg";"http://gis.osservatorioturistico.sicilia.it/doc/foto/castelli/Cefalù.jpg";"Resti fuori terra che consentono una ricostruzione del complesso.";PRV;"31";"31";"14.024381862464390";"38.037692016566000";"082027";"1587553707"
false;NULL;NULL;"Castello di Collesano";PA;Collesano;"XII-XVII sec.";privata;Nessuno;"www.comune.collesano.pa.it/luoghi-di-interesse-a-collesano/castello-medievale.html";"http://gis.osservatorioturistico.sicilia.it/doc/foto/castelli/ico/Collesano_ico.jpg";"http://gis.osservatorioturistico.sicilia.it/doc/foto/castelli/Collesano.jpg";"Insieme di costruzioni inagibili restano visibili solo i ruderi.";PRV;"32";"32";"13.937574723120182";"37.926082754920444";"082032";"1587553707"
false;NULL;NULL;"Torre o Castello di Ficarazzi";PA;Palermo;"XV-XVIIIsec.";privata;Convento;"www.icastelli.it/castle-1234886169-castello_di_ficarazzi-it.php";"http://gis.osservatorioturistico.sicilia.it/doc/foto/castelli/ico/Ficarazzi_ico.jpg";"http://gis.osservatorioturistico.sicilia.it/doc/foto/castelli/Ficarazzi.jpg";"Parti inglobate in strutture successive e tipologicamente diverse.";E;"33";"33";"13.470483951973499";"38.088857610534820";"082035";"1587553707"
false;NULL;NULL;"Castello di Gangi";PA;Gangi;"XIV-XVII sec.";privata;"Abitazione privata";"www.comune.gangi.pa.it/index.php?option=com_content&view=article&id=68%3Acastello&catid=11&Itemid=29";"http://gis.osservatorioturistico.sicilia.it/doc/foto/castelli/ico/Gangi_ico.jpg";"http://gis.osservatorioturistico.sicilia.it/doc/foto/castelli/Gangi.jpg";"Corposo edificio che ingloba quanto può esservi di una struttura anche medievale.";E;"34";"34";"14.206499746128720";"37.797714592163350";"082036";"1587553707"
false;NULL;NULL;"Castello di Geraci Siculo";PA;"Geraci siculo";"XI-XIV sec.";pubblica;Nessuno;"www.siciliainfesta.com/comuni/geraci_siculo.htm";"http://gis.osservatorioturistico.sicilia.it/doc/foto/castelli/ico/Geraci_ico.JPG";"http://gis.osservatorioturistico.sicilia.it/doc/foto/castelli/Geraci.JPG";"Resti fuori terra che consentono una lettura ricostruttiva parziale dell'impianto.";PRV;"35";"35";"14.153329566231898";"37.853571567841660";"082037";"1587553707"
false;NULL;NULL;"Castello di Giuliana";PA;Giuliana;"XIII-XVII sec.";pubblica;"Sede di convegni e mostre";"www.unionevalledelsosio.it/giuliana_castello.html";"http://gis.osservatorioturistico.sicilia.it/doc/foto/castelli/ico/Giuliana_ico.JPG";"http://gis.osservatorioturistico.sicilia.it/doc/foto/castelli/Giuliana.jpg";"Complesso architettonico quasi interamente restaurato.";E;"36";"36";"13.238230646169608";"37.669299593965590";"082039";"1587553707"
false;NULL;NULL;"Castello della Margana";PA;Prizzi;"XIV-XV sec.";privata;Masseria;"www.icastelli.it/castle-1234886380-castello_della_margana_o_petra_di_margana-it.php";"http://gis.osservatorioturistico.sicilia.it/doc/foto/castelli/ico/Margana_ico.jpg";"http://gis.osservatorioturistico.sicilia.it/doc/foto/castelli/Margana.jpg";"Parti inglobate in strutture successive.";E;"37";"37";"13.502605620233755";"37.764924627038670";"082060";"1587553707"
false;NULL;NULL;"Castellaccio Monreale";PA;Monreale;"XII-XVI sec.";privata;"Stazione alpina";"www.icastelli.it/castle-1234886457-castellaccio_di_monreale-it.php";"http://gis.osservatorioturistico.sicilia.it/doc/foto/castelli/ico/Castellaccio_ico.jpg";"http://gis.osservatorioturistico.sicilia.it/doc/foto/castelli/Castellaccio.jpg";"Complesso architettonico conservato nelle sue parti principali.";E;"38";"38";"13.274791864767629";"38.083483895649906";"082049";"1587553707"
false;NULL;NULL;"Castello di Misilmeri";PA;Misilmeri;"XII-XV sec.";pubbluca;Nessuno;"www.comuniepoint.it/c/portal/layout?p_l_id=PUB.1006.223";"http://gis.osservatorioturistico.sicilia.it/doc/foto/castelli/ico/Misilmeri_ico.jpg";"http://gis.osservatorioturistico.sicilia.it/doc/foto/castelli/Misilmeri.jpg";"Resti fuori terra visibili che consentono una lettura ricostruttiva dell'impianto.";E;"39";"39";"13.447920314116178";"38.035920305966386";"082048";"1587553707"
false;NULL;NULL;"Castello Montelepre";PA;Montelepre;"XV-XX sec.";privata;"Residenza temporanea";"www.comune.montelepre.pa.it/index.php/la-citta/musei-e-monumenti/95-la-torre-ventimiglia";"http://gis.osservatorioturistico.sicilia.it/doc/foto/castelli/ico/Montelepre_ico.jpg";"http://gis.osservatorioturistico.sicilia.it/doc/foto/castelli/Montelepre.jpg";"Eedificio interamente conservato.";E;"40";"40";"13.171926784457952";"38.088637850880330";"082050";"1587553707"
false;NULL;NULL;"Castello a Mare";PA;Palermo;"XII-XVII sec.";pubblica;"Zona archeologica";"www.regione.sicilia.it/beniculturali/dirbenicult/database/page_musei/pagina_musei.asp?ID=92&IdSito=59";"http://gis.osservatorioturistico.sicilia.it/doc/foto/castelli/ico/Castello_a_Mare_ico.jpg";"http://gis.osservatorioturistico.sicilia.it/doc/foto/castelli/Castello_a_mare.jpg";"Complesso architettonico parzialmente rimesso in luce nei suoi principali ruderi e restaurato.";E;"41";"41";"13.367814968864497";"38.121931411475050";"082053";"1587553707"
false;NULL;NULL;"Palazzo Reale";PA;Palermo;"XII-XIX sec.";pubblica;ARS;"www.ars.sicilia.it/tour/default.jsp?page=1";"http://gis.osservatorioturistico.sicilia.it/doc/foto/castelli/ico/Palazzo-Reale_ico.jpg";"http://gis.osservatorioturistico.sicilia.it/doc/foto/castelli/Palazzo_Reale.jpg";"Complesso architettonico ben conservato.";E;"42";"42";"13.353495561927728";"38.110780550501010";"082053";"1587553707"
false;NULL;NULL;"Castello di Pollina";PA;Pollina;incerta;pubblica;"Teatro all'aperto";"www.siciliainfesta.com/comuni/pollina.htm";"http://gis.osservatorioturistico.sicilia.it/doc/foto/castelli/ico/Castello di Pollina_ico.jpg";"http://gis.osservatorioturistico.sicilia.it/doc/foto/castelli/Castello di Pollina.jpg";"Resti monumentali che consentono di ricomporre l'assetto generale del castello.";PRV;"43";"43";"14.143583178424803";"37.992621239051340";"082059";"1587553707"
false;NULL;NULL;"Castello di Prizzi";PA;Prizzi;"XII-XV sec.";privata;"Abitazioni private";"comune.prizzi.pa.it/paese/Storia%20e%20cultura/pagina_%20castello.htm";"http://gis.osservatorioturistico.sicilia.it/doc/foto/castelli/ico/Castello di Prizzi_ico.jpg";"http://gis.osservatorioturistico.sicilia.it/doc/foto/castelli/Castello di Prizzi.jpg";"Parti inglobate in strutture tipologicamente diverse.";PRV;"44";"44";"13.429764987991224";"37.723018824166864";"082060";"1587553707"
false;NULL;NULL;"Castello di Regiovanni";PA;Gangi;"iniz. XIV sec.";privata;"Abitazione e magazzino";"www.comune.gangi.pa.it/index.php?option=com_content&view=article&id=15&Itemid=18";"http://gis.osservatorioturistico.sicilia.it/doc/foto/castelli/ico/Regiovanni_ico.jpg";"http://gis.osservatorioturistico.sicilia.it/doc/foto/castelli/Regiovanni.jpg";"Resti inglobati in strutture successive, escavazioni artificiali.";PRV;"45";"45";"14.200622388377685";"37.727844007472210";"082036";"1587553707"
false;NULL;NULL;"Castello di Polizzi";PA;Polizzi;incerta;privata;Nessuno;"www.comune.polizzi.pa.it/monumenti-e-beni-artistici";"http://gis.osservatorioturistico.sicilia.it/doc/foto/castelli/ico/Castello di Polizzi_ico.jpg";"http://gis.osservatorioturistico.sicilia.it/doc/foto/castelli/Castello di Polizzi.jpg";"Resti fuori terra visibili che non consentono una lettura ricostruttiva dell'impianto.";PRV;"46";"46";"14.001791032569084";"37.812024447560910";"082058";"1587553707"
false;NULL;NULL;"Castello di Roccella";PA;"Campofelice di Roccella";"XII-XIXsec.";privata;"In abbandono";"www.icastelli.it/castle-1234886943-castello_di_roccella-it.php";"http://gis.osservatorioturistico.sicilia.it/doc/foto/castelli/ico/Castello di Roccella_ico.jpg";"http://gis.osservatorioturistico.sicilia.it/doc/foto/castelli/Castello di Roccella.jpg";"Resti monumentali che consentono una ricostruzione del castello.";PRV;"47";"47";"13.887538148422761";"38.000938488003050";"082017";"1587553707"
false;NULL;NULL;Castellaccio;PA;Partinico;"XIVsec.";pubblica;Nessuno;"www.comune.partinico.pa.it/sezioni/content.asp?id=28";"http://gis.osservatorioturistico.sicilia.it/doc/foto/castelli/ico/Castellaccio_ico.jpg";"http://gis.osservatorioturistico.sicilia.it/doc/foto/castelli/";"Resti fuori terra visibili che non consentono una lettura ricostruttiva dell'impianto.";PRV;"48";"48";"13.118843863280686";"38.039320402175170";"082054";"1587553707"
false;NULL;NULL;"Castello di San Nicola";PA;Trabia;"XV sec.";privata;Eventi;"www.castellodisannicola.it/home.html";"http://gis.osservatorioturistico.sicilia.it/doc/foto/castelli/ico/S.Nicola l'Arena_ico.jpg";"http://gis.osservatorioturistico.sicilia.it/doc/foto/castelli/S.Nicola.jpg";"Complesso architettonico conservato nelle parti principali.";E;"49";"49";"13.653569735371862";"37.997367334814030";"082073";"1587553707"
false;NULL;NULL;"Castello di Sclafani";PA;"Sclafani Bagni";"XIV sec.";pubblica;Nessuno;"no sito";"http://gis.osservatorioturistico.sicilia.it/doc/foto/castelli/ico/Castello_di_Sclafani_ico.jpg";"http://gis.osservatorioturistico.sicilia.it/doc/foto/castelli/Castello_di_Sclafani.jpg";"Edificio conservato nelle parti principali.";PRV;"50";"50";"13.855958189261443";"37.822163209170950";"082069";"1587553707"
false;NULL;NULL;"Castello di Solanto";PA;"Santa Flavia";"XIV sec.";privata;Residenziale;"www.ilcastellodisolanto.it/il-castello";"http://gis.osservatorioturistico.sicilia.it/doc/foto/castelli/ico/Solanto_ico.jpg";"http://gis.osservatorioturistico.sicilia.it/doc/foto/castelli/Solanto.jpg";"Parti inglobate in strutture successive e tipologicamente diverse.";E;"51";"51";"13.542479326342699";"38.076964089634615";"082067";"1587553707"
false;NULL;NULL;"Castello di Vicari";PA;Vicari;"XII-XIVsec.";pubblica;Visitabile;"www.comune.vicari.pa.it/sito/GaFotT1F1espl.asp?id=TEM1FOT31";"http://gis.osservatorioturistico.sicilia.it/doc/foto/castelli/ico/Castello_di_Vicari_ico.jpg";"http://gis.osservatorioturistico.sicilia.it/doc/foto/castelli/Castello_di_Vicari.jpg";"Resti fuori terra visibili che consentono una lettura ricostruttiva generale dell'impianto.";PRV;"52";"52";"13.572471669005521";"37.827457045310084";"082078";"1587553707"
false;NULL;NULL;"Castello di Brolo";ME;Brolo;"XII-XIV sec.";privata;"Sede museale";"www.castellodibrolo.com/";"http://gis.osservatorioturistico.sicilia.it/doc/foto/castelli/ico/Brolo_ico.jpg";"http://gis.osservatorioturistico.sicilia.it/doc/foto/castelli/Brolo.jpg";"Complesso architettonico conservato nelle parti principali.";E;"53";"53";"14.825815435255127";"38.156992476302730";"083007";"1587553707"
false;NULL;NULL;"Castello di Caronia";ME;Caronia;"XII-XVIII sec.";privata;Residenziale;"www.comune.caronia.me.it/pages/castello.htm";"http://gis.osservatorioturistico.sicilia.it/doc/foto/castelli/ico/Caronia_ico.jpg";"http://gis.osservatorioturistico.sicilia.it/doc/foto/castelli/Caronia.jpg";"Complesso architettonico conservato nelle parti principali.";E;"54";"54";"14.440263944508107";"38.026929842004260";"083011";"1587553707"
false;NULL;NULL;Castelluccio;ME;"Castel di Lucio";"XIV-XV sec.";pubblica;Nessuno;"www.casteldilucio.eu/il-castello";"http://gis.osservatorioturistico.sicilia.it/doc/foto/castelli/ico/Castelluccio di casteldilucio_ico.jpg";"http://gis.osservatorioturistico.sicilia.it/doc/foto/castelli/Castelluccio di Castedilucio.jpg";"I resti permettono di ricostruire l'intero perimetro castrense e parte delle strutture turrite.";PRV;"55";"55";"14.314365604791690";"37.888101463078150";"083013";"1587553707"
false;NULL;NULL;"Castello di Capo D'Orlando";ME;"Capo D'Orlando";"XIII-XVIII sec.";pubblica;"Ente ecclesiastico";"www.turismocapodorlando.it/";"http://gis.osservatorioturistico.sicilia.it/doc/foto/castelli/ico/Capo_D'orlando_ico.jpg";"http://gis.osservatorioturistico.sicilia.it/doc/foto/castelli/Capo_D'Orlando.jpg";"Resti fuori terra visibili che consentono una parziale lettura ricostruttiva dell'impianto.";E;"56";"56";"14.748956321214457";"38.164215698816300";"083009";"1587553707"
false;NULL;NULL;"Castello di Castroreale";ME;Castroreale;"XIV-XX sec.";pubblica;"Ostello della gioventù";"www.comune.castroreale.me.it/la-citt/arte/torre-federico-ii.aspx";"http://gis.osservatorioturistico.sicilia.it/doc/foto/castelli/ico/Castroreale_ico.jpg";"http://gis.osservatorioturistico.sicilia.it/doc/foto/castelli/Castroreale.jpg";"Resti fuori terra che consentono una lettura ricostruttiva parziale dell'impianto originario.";PRV;"57";"57";"15.211234516484907";"38.098040869494554";"083016";"1587553707"
false;NULL;NULL;"Castello di Ficarra";ME;Ficarra;"XVI-XVIII sec.";pubblica;Nessuno;"www.messinaweb.eu/territorio/i-castelli/item/645-il-castello-di-ficarra.html";"http://gis.osservatorioturistico.sicilia.it/doc/foto/castelli/ico/Ficarra_ico.jpg";"http://gis.osservatorioturistico.sicilia.it/doc/foto/castelli/Ficarra.jpg";"Edidicio dall'apparente impianto tardo XVI sec.,composto da ali scarpate all'esterno e distribuite attorno ad una corte. E' possibile che sia una costruzione sorta sui resti di un più antico castello";E;"58";"58";"14.829679957635696";"38.108694160359080";"083020";"1587553707"
false;NULL;NULL;"Castello di Fiumedinisi";ME;Fiumedinisi;"non precisabile";pubblica;"In abbandono";"www.icastelli.it/castle-1234882047-castello_di_fiumedinisi-it.php";"http://gis.osservatorioturistico.sicilia.it/doc/foto/castelli/ico/Fiumedinisi_ico.jpg";"http://gis.osservatorioturistico.sicilia.it/doc/foto/castelli/Fiumedinisi.jpg";"Resti fuori terra che consentono una lettura ricostruttiva parziale dell'impianto.";PRV;"59";"59";"15.374810863728245";"38.023334186525050";"083021";"1587553707"
false;NULL;NULL;"Castello di Forza D'Agrò";ME;"Forza D'Agrò";"XII-XX sec.";pubblica;Nessuno;"www.forzadagro.net/visitare/castello.html";"http://gis.osservatorioturistico.sicilia.it/doc/foto/castelli/ico/Forza D'Agrò_ico.jpg";"http://gis.osservatorioturistico.sicilia.it/doc/foto/castelli/Forza D'Agrò.jpg";"Complesso architettonico conservato nelle parti principali.";PRV;"60";"60";"15.331841149452108";"37.916749751497280";"083024";"1587553707"
false;NULL;NULL;"Castello di Lipari";ME;Lipari;"1085-1544";"pubbl./eccl.";"Uff.aree museali parco arch.";"www.comunelipari.gov.it/zf/index.php/servizi-aggiuntivi/index/index/idtesto/11";"http://gis.osservatorioturistico.sicilia.it/doc/foto/castelli/ico/Lipari_ico.jpg";"http://gis.osservatorioturistico.sicilia.it/doc/foto/castelli/Lipari.jpg";"Scarsi ma significativi resti delle strutture di accesso.";PRV;"61";"61";"14.956646908900850";"38.467868636614845";"083041";"1587553707"
false;NULL;NULL;"Castello di Migaido";ME;Messina;"XV-XIX sec.";privata;"Deposito attrezz.agricole";"www.vivisicilia.it/2014/03/22/comune-di-pettineo/";"http://gis.osservatorioturistico.sicilia.it/doc/foto/castelli/ico/Migaido_ico.jpg";"http://gis.osservatorioturistico.sicilia.it/doc/foto/castelli/Migaido.jpg";"Complesso architettonico parzialmente conservato nelle parti principali.";E;"63";"63";"14.287430740403646";"37.931129770717800";"083067";"1587553707"
false;NULL;NULL;"Castello di Milazzo";ME;Milazzo;"XI-XVII sec.";pubblica;"Complesso monumentale";"www.comune.milazzo.me.it/cms/default.aspx?mod=article&view=article&id=13886&itemid=0";"http://gis.osservatorioturistico.sicilia.it/doc/foto/castelli/ico/Milazzo_ico.jpg";"http://gis.osservatorioturistico.sicilia.it/doc/foto/castelli/Milazzo.jpg";"Complesso architettonico conservato nelle parti principali.";E;"64";"64";"15.241073180888227";"38.231372634185920";"083049";"1587553707"
false;NULL;NULL;"Castello Bonifato";TP;Alcamo;"XIV sec.";pubblica;Nessuno;"www.comune.alcamo.tp.it/turismo/itinerari/55-i-tre-castelli.html";"http://gis.osservatorioturistico.sicilia.it/doc/foto/castelli/ico/Bonifato_ico.jpg";"http://gis.osservatorioturistico.sicilia.it/doc/foto/castelli/Bonifato.jpg";"Complesso solo parzialmente conservato, i resti esistenti consentono la ricomposizione ideale.";PRV;"65";"65";"12.964095680569473";"37.954589844110950";"081001";"1587553707"
false;NULL;NULL;"Castello di Favignana";TP;Favignana;"non precisabile";pubblica;Nessuno;"no sito";"http://gis.osservatorioturistico.sicilia.it/doc/foto/castelli/ico/Favignana_ico.jpg";"http://gis.osservatorioturistico.sicilia.it/doc/foto/castelli/Favignana.jpg";"Resti inglobati in strutture successive e tipologicamente diverse.";PRV;"66";"66";"12.312064146930727";"37.927129418658600";"081009";"1587553707"
false;NULL;NULL;"Castello di Punta Troia";TP;Marettimo;"XVII-XIX sec.";demanio;Visitabile;"www.academia.edu/4084446/Castello_di_Punta_Troia._Museo_delle_Carceri_Marettimo";"http://gis.osservatorioturistico.sicilia.it/doc/foto/castelli/ico/Punta_Troia_ico.jpg";"http://gis.osservatorioturistico.sicilia.it/doc/foto/castelli/Punta_Troia.jpg";"Progetto di recupero, futuro museo delle carceri.";E;"67";"67";"12.064123309366583";"37.992499147032376";"081009";"1587553707"
false;NULL;NULL;Calathamet;TP;"Calatafimi_Segesta";"X-XIVsec.";privata;"In abbandono";"www.castelli-sicilia.com/links.asp?CatId=104";"http://gis.osservatorioturistico.sicilia.it/doc/foto/castelli/ico/Calathamet_ico.jpg";"http://gis.osservatorioturistico.sicilia.it/doc/foto/castelli/Calathamet.jpg";"Resti portati alla luce dallo scavo archeologico che consentono una lettura ricostruttiva parziale dell'impianto.";PRV;"68";"68";"12.891379644199409";"37.971262231907126";"081003";"1587553707"
false;NULL;NULL;"Castello di Rampinzeri";TP;"Santa Ninfa";"non precisabile";pubblica;"Legambiente/spazio ippico";"www.comune.santaninfa.tp.it/santa-ninfa/il-castello.html";"http://gis.osservatorioturistico.sicilia.it/doc/foto/castelli/ico/Rampinzeri_ico.JPG";"http://gis.osservatorioturistico.sicilia.it/doc/foto/castelli/Rampinzeri.JPG";"La denominazione castello è impropria non essendo munito di fortificazioni. da:Info:icastelli.it";E;"69";"69";"12.913121238652211";"37.781257027951845";"081019";"1587553707"
false;NULL;NULL;"Castello Biscari";RG;Acate;"XV-XVIII sec.";pubblica;"Museo visite turist. manife.";"www.comune.acate.rg.it/home/index.php?option=com_content&view=article&id=180%3Abenvenuti-ad-acate&Itemid=76&limitstart=3";"http://gis.osservatorioturistico.sicilia.it/doc/foto/castelli/ico/Biscari_ico.jpg";"http://gis.osservatorioturistico.sicilia.it/doc/foto/castelli/Biscari.JPG";"Complesso architettonico conservato nelle parti principali.";E;"70";"70";"14.493566095700139";"37.027517663187960";"088001";"1587553707"
false;NULL;NULL;"Castello Naselli";RG;Comiso;"XI/XII -XVIII";privata;NULL;"www.esplorasicilia.com/guida-turistica/ragusa/comiso-ragusa/pdf.php";"http://gis.osservatorioturistico.sicilia.it/doc/foto/castelli/ico/Comiso_ico.jpg";"http://gis.osservatorioturistico.sicilia.it/doc/foto/castelli/Comiso.jpg";"Complesso architettonico interamente conservato.";E;"71";"71";"14.603253442364759";"36.947328051690940";"088003";"1587553707"
false;NULL;NULL;"Castello di Granieri";CT;Caltagirone;"ipot.XIV sec.";privata;"Fattoria con villa";"www.icastelli.it/castle-1234811401-castello_di_granieri-it.php";"http://gis.osservatorioturistico.sicilia.it/doc/foto/castelli/ico/Granieri_ico.jpg";"http://gis.osservatorioturistico.sicilia.it/doc/foto/castelli/Granieri.jpg";"Complesso architettonico quasi interamente conservato.";E;"72";"72";"14.576205598968295";"37.127206480639614";"087011";"1587553707"
false;NULL;NULL;"Torre di Federico";EN;Enna;"non precisabile";pubblica;"Torre non visitabile";"www.iccd.beniculturali.it/medioevosiciliano/index.php?it/112/catalogo-generale/13/torre-di-federico";"http://gis.osservatorioturistico.sicilia.it/doc/foto/castelli/ico/Federico_ico.jpg";"http://gis.osservatorioturistico.sicilia.it/doc/foto/castelli/Torre_Federeico.jpg";"Complesso architettonico conservato nelle parti principali.";E;"73";"73";"14.273773237467061";"37.562968908761250";"086009";"1587553707"
false;NULL;NULL;"Castello di Lombardia";EN;Enna;"non precisabile";pubblica;"Monumento aperto al pubbl.";"www.icastelli.it/castle-1234818712-castello_di_lombardia_a_enna-it.php";"http://gis.osservatorioturistico.sicilia.it/doc/foto/castelli/ico/Castello_di_Lombardia_ico.jpg";"http://gis.osservatorioturistico.sicilia.it/doc/foto/castelli/Castello_di_Lombardia.jpg";"Complesso architettonico conservato nelle parti principali.";E;"74";"74";"14.288188486143913";"37.567906680087745";"086009";"1587553707"
false;NULL;NULL;"Forte Sant'Angelo";AG;Licata;"1615";pubblica;Visitabile;"www.prolocolicata.it/?page_id=123";"http://gis.osservatorioturistico.sicilia.it/doc/foto/castelli/ico/S.Angelo_ico.jpg";"http://gis.osservatorioturistico.sicilia.it/doc/foto/castelli/Castel_S.Angelo.jpg";"Complesso architettonico conservato nelle parti principali.";E;"75";"75";"13.931750856755441";"37.100880968554020";"084021";"1587553707"
false;NULL;NULL;"Castello di Donnafugata";RG;Ragusa;"XIX sec.";pubblica;Visitabile;"www.comune.ragusa.gov.it/turismo/castello/";"http://gis.osservatorioturistico.sicilia.it/doc/foto/castelli/ico/Donnafugata_ico.jpg";"http://gis.osservatorioturistico.sicilia.it/doc/foto/castelli/Donnafugata.jpg";"Non si tratta di un vero e proprio castello medievale ma di una sontuosa dimora nobiliare del tardo ottocento, circondata da abitazioni dei contadini che vivevano alle dipendenze dei proprietari.";E;"76";"76";"14.564307917547001";"36.881966615119520";"088009";"1587553707"
false;NULL;NULL;"Castello Tafuri";SR;"Porto Palo";"1935";privata;Nessuno;"www.riserva-vendicari.it/vendicari-e-dintorni/portopalo-di-capo-passero/castello-tafuri/";"http://gis.osservatorioturistico.sicilia.it/doc/foto/castelli/ico/Tafuri_ico.jpg";"http://gis.osservatorioturistico.sicilia.it/doc/foto/castelli/Tafuri.jpg";"Il castello in stile liberty è stato progettato dall'arch. Crotti di Firenze, è abbandonato e in vendita.";E;"77";"77";"15.133952646869764";"36.689667175182630";"089020";"1587553707"
false;NULL;NULL;"Castello di Augusta";SR;Augusta;"XIII-XVIII sec.";pubblica;"Occasionalmente visitabile";"www.iccd.beniculturali.it/medioevosiciliano/index.php?it/112/catalogo-generale/19/castello-di-augusta";"http://gis.osservatorioturistico.sicilia.it/doc/foto/castelli/ico/Augusta_ico.jpg";"http://gis.osservatorioturistico.sicilia.it/doc/foto/castelli/Augusta.jpg";"Le strutture principali del castrum svevo permangono quasi integre, pur fra le modifiche e superfetazioni.";E;"78";"78";"15.220859375297335";"37.234653349707310";"089001";"1587553707"
false;NULL;NULL;"Castello di Modica";RG;Modica;"XIII-XVII sec.";fondazione;"In uso solo in parte";"www.modica.it/turismo_castello_dei_conti.htm";"http://gis.osservatorioturistico.sicilia.it/doc/foto/castelli/ico/";"http://gis.osservatorioturistico.sicilia.it/doc/foto/castelli/Modica.jpg";"Resti e parti inglobate in strutture successive.";PRV;"79";"79";"14.761714924455270";"36.860891034369300";"088006";"1587553707"
false;NULL;NULL;"Castello di Giarratana";RG;Giarratana;"XIV-XVII sec.";pubblica;"Area archeologica";"www.castelli-sicilia.com/links.asp?CatId=133";"http://gis.osservatorioturistico.sicilia.it/doc/foto/castelli/ico/Giarratana_ico.jpg";"http://gis.osservatorioturistico.sicilia.it/doc/foto/castelli/Giarratana.jpg";"Resti fuori terra visibili che consentono una lettura ricostruttiva dell'impianto.";PRV;"80";"80";"14.791206805281230";"37.049988639190110";"088004";"1587553707"
false;NULL;NULL;"Castello di Brucoli";SR;Augusta;"XIV sec.";pubblica;Visitabile;"www.icastelli.it/castle-1234819453-castello_di_brucoli-it.php";"http://gis.osservatorioturistico.sicilia.it/doc/foto/castelli/ico/Brucoli_ico.jpg";"http://gis.osservatorioturistico.sicilia.it/doc/foto/castelli/Brucoli.jpg";"Complesso architettonico conservato nelle parti principali.";E;"82";"82";"15.186607681323004";"37.285508796010360";"089001";"1587553707"
false;NULL;NULL;"Castello di Buscemi";SR;Buscemi;"metà XIV sec.";privata;"In abbandono";"www.comune.buscemi.sr.it/default.asp?modulo=pages&idpage=132";"http://gis.osservatorioturistico.sicilia.it/doc/foto/castelli/ico/Buscemi_ico.jpg";"http://gis.osservatorioturistico.sicilia.it/doc/foto/castelli/Buscemi.jpg";"Resti fuori terra che consentono una lettura ricostruttiva solo parziale dell'impianto.";PRV;"83";"83";"14.884078520706048";"37.082369754679190";"089004";"1587553707"
false;NULL;NULL;"Castello di Francofonte";SR;Francofonte;"non precis.";"pubb/priv.";"Municipio ab.private";"www.castelli-sicilia.com/links.asp?CatId=116";"http://gis.osservatorioturistico.sicilia.it/doc/foto/castelli/ico/Francofonte_ico.jpg";"http://gis.osservatorioturistico.sicilia.it/doc/foto/castelli/Francofonte.jpg";"Al centro del complesso si conservano ancora notevoli resti dei volumi delle due massicce torri e della torre scalare, anche se ,variamente ridotte in altezza.";PRV;"84";"84";"14.879618682777537";"37.230778402510010";"089010";"1587553707"
false;NULL;NULL;"Castello di Chadra";SR;Francofonte;"non precis.";privata;Aranceto;"www.comune.francofonte.sr.it/Turismo%20e%20Cultura_file/page0003.htm";"http://gis.osservatorioturistico.sicilia.it/doc/foto/castelli/ico/Chadra_ico.jpg";"http://gis.osservatorioturistico.sicilia.it/doc/foto/castelli/Chadra.jpg";"Resti fuori terra che consentono una ricostruzione parziale dell'impianto.";PRV;"85";"85";"14.885276190382637";"37.236380573904555";"089010";"1587553707"
false;NULL;NULL;"Castello di Noto antica";SR;Noto;"non precis.";pubblica;"Visitabile area archeo.";"www.comune.noto.sr.it/il-turista/noto-antica/";"http://gis.osservatorioturistico.sicilia.it/doc/foto/castelli/ico/Noto_ico.jpg";"http://gis.osservatorioturistico.sicilia.it/doc/foto/castelli/Noto.jpg";"Resti fuori terra visibili in varie parti.";PRV;"86";"86";"15.023451538744535";"36.945614008911036";"089013";"1587553707"
false;NULL;NULL;"Castel Maniace";SR;Siracusa;"XIII-XIX sec.";pubblica;Visitabile;"www.regione.sicilia.it/beniculturali/dirbenicult/database/page_musei/pagina_musei.asp?ID=102&IdSito=77";"http://gis.osservatorioturistico.sicilia.it/doc/foto/castelli/ico/Maniace_ico.jpg";"http://gis.osservatorioturistico.sicilia.it/doc/foto/castelli/Castello_Maniace.jpg";"Complesso architettonico conservato nelle parti principali.";E;"87";"87";"15.294934025097337";"37.054395179701780";"089017";"1587553707"
false;NULL;NULL;Castelvecchio;CL;Mazzarino;"XIV-XIX sec.";pubblica;Visitabile;"www.comune.mazzarino.cl.it/Comune/kalos/castello.htm";"http://gis.osservatorioturistico.sicilia.it/doc/foto/castelli/ico/Castelvecchio di Mazzarino_ico.JPG";"http://gis.osservatorioturistico.sicilia.it/doc/foto/castelli/Castelvecchio di Mazzarino.jpg";"Resti fuori terra visibili che consentono una lettura ricostruttiva dell'impianto.";PRV;"88";"88";"14.215674126287153";"37.309716913816180";"085009";"1587553707"
false;NULL;NULL;"Castello di Resuttano";CL;Resuttano;"XIV-XVIII sec.";pubblica;Visitabile;"www.comune.resuttano.cl.it/ecm/?9668=120&id=59";"http://gis.osservatorioturistico.sicilia.it/doc/foto/castelli/ico/Resuttano_ico.JPG";"http://gis.osservatorioturistico.sicilia.it/doc/foto/castelli/Resuttano.JPG";"Resti fuori terra visibili che consentono una lettura ricostruttiva dell'impianto.";PRV;"89";"89";"14.059732291884849";"37.684864710197670";"085014";"1587553707"
false;NULL;NULL;"Castello di Mussomeli";CL;Mussomeli;"XIV-XVIII sec.";pubblica;Visitabile;"www.comunedimussomeli.it/Castello_Manfredonico.php";"http://gis.osservatorioturistico.sicilia.it/doc/foto/castelli/ico/Mussomeli_ico.jpg";"http://gis.osservatorioturistico.sicilia.it/doc/foto/castelli/Mussomeli.jpg";"Complesso architettonico conservato nelle parti principali.";E;"90";"90";"13.771593985517837";"37.577314227208994";"085012";"1587553707"
false;NULL;NULL;"Castello di Adrano";CT;Adrano;"XVI-XVII sec.";pubblica;"Museo archeologico";"www.comune.adrano.ct.it/la_citt%C3%A0/musei/museo-archeologico.aspx";"http://gis.osservatorioturistico.sicilia.it/doc/foto/castelli/ico/Adrano_ico.jpg";"http://gis.osservatorioturistico.sicilia.it/doc/foto/castelli/AdranoTorre.jpg";"Edificio completamente conservato.";E;"92";"92";"14.831887510367451";"37.662570930626340";"087006";"1587553707"
false;NULL;NULL;"Castello di Aci";CT;"Aci Castello";"non precisabile";pubblica;"Museo spazio espos.";"www.comune.acicastello.ct.it/la_citt_/musei249.aspx";"http://gis.osservatorioturistico.sicilia.it/doc/foto/castelli/ico/Acicastello_ico.jpg";"http://gis.osservatorioturistico.sicilia.it/doc/foto/castelli/Acicastello.jpg";"Complesso architettonico conservato nelle parti principali.";E;"93";"93";"15.149460089683034";"37.554204926554670";"087002";"1587553707"
false;NULL;NULL;"Castello di Calatabiano";CT;Calatabiano;"XII-XVII sec.";pubblica;Visitabile;"www.castellodicalatabiano.it/orari.aspx";"http://gis.osservatorioturistico.sicilia.it/doc/foto/castelli/ico/Calatabiano_ico.jpg";"http://gis.osservatorioturistico.sicilia.it/doc/foto/castelli/Calatabiano.jpg";"Complesso architettonico conservato nelle parti principali, oltre alle visite si svolgono attività didattiche.";E;"94";"94";"15.227303418758290";"37.828316154802430";"087010";"1587553707"
false;NULL;NULL;Mazzallaccar;AG;"Sambuca di Sicilia";"XIII sec.";privata;"Visitabile su richiesta";"www.comune.sambucadisicilia.ag.it/Turist-Turn/Cenni-Storici/CenniStorici.htm";"http://gis.osservatorioturistico.sicilia.it/doc/foto/castelli/ico/Mazzallakkar_ico.jpg";"http://gis.osservatorioturistico.sicilia.it/doc/foto/castelli/Mazzallakkar.jpg";"La fortezza di Mazzallakkar si trova sulle sponde del lago Arancio e viene sommersa ogniqualvolta s'innalza il livello del lago.";E;"95";"95";"13.075242324833905";"37.629934535866770";"084041";"1587553707"
false;NULL;NULL;"Castello Militello Valdemone";ME;"Militello Rosmarino";"non precisabile";privata;"In abbandono";NULL;"http://gis.osservatorioturistico.sicilia.it/doc/foto/castelli/ico/Militello Valdemone_ico.jpg";"http://gis.osservatorioturistico.sicilia.it/doc/foto/castelli/Militello Valdemone.jpg";"Resti fuori terra visibili che non consentono ipotesi ricostruttive.";PRV;"97";"97";"14.679047465886155";"38.048011577834710";"083050";"1587553707"
false;NULL;NULL;"Castello di Montalbano";ME;"Montalbano Elicona";"XII-XIX sec.";pubblica;Visitabile;"www.comune.montalbanoelicona.me.it/turismo/il-castello/info-castello.aspx";"http://gis.osservatorioturistico.sicilia.it/doc/foto/castelli/ico/Montalbano_ico.jpg";"http://gis.osservatorioturistico.sicilia.it/doc/foto/castelli/Montalbano_Elicona.jpg";"Complesso architettonico conservato nelle parti principali.";E;"99";"99";"15.010808807918420";"38.023805961262240";"083057";"1587553707"
false;NULL;NULL;"Castello di Pettineo";ME;Pettineo;"XIV sec.";privata;Nessuno;"www.icastelli.it/castle-1234883494-castello_di_pettineo-it.php";"http://gis.osservatorioturistico.sicilia.it/doc/foto/castelli/ico/Pettineo_ico.jpg";"http://gis.osservatorioturistico.sicilia.it/doc/foto/castelli/Pettineo.jpg";"Ruderi, leggibile l'intero perimetro castrense e parte della struttura in elevazione.";PRV;"100";"100";"14.289893997164075";"37.966216213175436";"083067";"1587553707"
false;NULL;NULL;"Castello di Pietra di Roma";ME;Torrenova;"fine XIV sec.";privata;"In abbandono";"www.comune.torrenova.me.it/2012/index.php/it/component/content/article/78-icetheme/icetabs/68-il-castello-di-pietra-di-roma-il-fondaco";"http://gis.osservatorioturistico.sicilia.it/doc/foto/castelli/ico/Pietra di Roma_ico.jpg";"http://gis.osservatorioturistico.sicilia.it/doc/foto/castelli/Pietra di Roma .jpg";"Resti o parti inglobate in strutture successive e tipologicamente diverse.";PRV;"102";"102";"14.692877499015726";"38.101597716396140";"083108";"1587553707"
false;NULL;NULL;"Castello di Piraino";ME;Piraino;"non precisabile";pubblica;Visitabile;"www.icastelli.it/castle-1234883534-castello_di_piraino-it.php";"http://gis.osservatorioturistico.sicilia.it/doc/foto/castelli/ico/Piraino_ico.jpg";"http://gis.osservatorioturistico.sicilia.it/doc/foto/castelli/Piraino.jpg";"Edificio conservato nelle parti principali.";E;"103";"103";"14.858085588380344";"38.160881994276664";"083068";"1587553707"
false;NULL;NULL;"Castello di Protonotaro";ME;Castroreale;"XIII-XIX sec.";privata;"Abitazione ristorante";"e' un ristorante";"http://gis.osservatorioturistico.sicilia.it/doc/foto/castelli/ico/Castroreale_ico.jpg";"http://gis.osservatorioturistico.sicilia.it/doc/foto/castelli/Castroreale.jpg";"Edificio interamente conservato.";E;"104";"104";"15.189610264944161";"38.122714695653094";"083016";"1587553708"
false;NULL;NULL;"Castelo di Raccuja";ME;Raccuja;"non precisabile";pubblica;Visitabile;"www.comune.raccuja.me.it/Turismo/CastelloBranciforti/tabid/487/Default.aspx";"http://gis.osservatorioturistico.sicilia.it/doc/foto/castelli/ico/Raccuja_ico.jpg";"http://gis.osservatorioturistico.sicilia.it/doc/foto/castelli/Raccuja.jpg";"Resti inglobati in strutture di epoca sucessiva. Recenti lavori di restauro.";E;"105";"105";"14.911272281489161";"38.056446650144110";"083069";"1587553708"
false;NULL;NULL;"Castello di Rometta";ME;Rometta;"non precisabile";pubblica;"In abbandono";"www.iccd.beniculturali.it/medioevosiciliano/index.php?it/112/catalogo-generale/14/";"http://gis.osservatorioturistico.sicilia.it/doc/foto/castelli/ico/Rometta_ico.jpg";"http://gis.osservatorioturistico.sicilia.it/doc/foto/castelli/Rometta.jpg";"Resti fuori terra che consentono una parziale lettura ricostruttiva.";PRV;"106";"106";"15.413307684976527";"38.173085504401550";"083076";"1587553708"
false;NULL;NULL;"Sant'Agata di Militello";ME;"Sant'Agata di Militello";"non precisabile";pubblica;"Centro culturale";"www.comune.santagatadimilitello.me.it/agatamilitello/images/IL%20CASTELLO.pdf";"http://gis.osservatorioturistico.sicilia.it/doc/foto/castelli/ico/S.Agata_Militello_ico.jpg";"http://gis.osservatorioturistico.sicilia.it/doc/foto/castelli/S.Agata_di_Militello.jpg";"Edificio interamente conservato.";E;"107";"107";"14.633405320671114";"38.070192020353040";"083084";"1587553708"
false;NULL;NULL;"Castello di Sant'Alessio";ME;"Sant'Alessio Siculo";"XII-XX sec.";privata;Nessuno;"www.comune.santalessiosiculo.me.it/bbcc_castello.html";"http://gis.osservatorioturistico.sicilia.it/doc/foto/castelli/ico/S.Alessio_ico.JPG";"http://gis.osservatorioturistico.sicilia.it/doc/foto/castelli/Sant'Alessio.jpg";"Complesso architettonico conservato nelle parti principali.";E;"108";"108";"15.347261498156383";"37.913114127225390";"083085";"1587553708"
false;NULL;NULL;"Castello di Santa Lucia";ME;"Santa Lucia del Mela";"XIII-XX sec.";pubblica;"Belvedere-santuario";"www.comune.santaluciadelmela.me.it/index.php?page=3&sub=33";"http://gis.osservatorioturistico.sicilia.it/doc/foto/castelli/ico/S.Lucia_del_Mela_ico.jpg";"http://gis.osservatorioturistico.sicilia.it/doc/foto/castelli/Santa_Lucia_del_Mela.jpg";"Complesso architettonico conservato nelle parti principali.";E;"109";"109";"15.282060248279464";"38.139282087417830";"083086";"1587553708"
false;NULL;NULL;"Castello di Scaletta";ME;"Scaletta Zanclea";"XIII sec.";pubblica;Museo;"www.peloritano.it/bb_scalettazanclea.asp#castello";"http://gis.osservatorioturistico.sicilia.it/doc/foto/castelli/ico/Scaletta_Zanclea_ico.jpg";"http://gis.osservatorioturistico.sicilia.it/doc/foto/castelli/Scaletta_Zanclea.jpg";"Complesso architettonico conservato nelle parti principali.";E;"110";"110";"15.465344911348375";"38.052814202561140";"083094";"1587553708"
false;NULL;NULL;"Castello di Agira";EN;Agira;"non precisabile";pubblica;"Area aperta al pubblico";"www.comuneagira.gov.it/monumenti/34-il-castello.html";"http://gis.osservatorioturistico.sicilia.it/doc/foto/castelli/ico/Agira_ico.jpg";"http://gis.osservatorioturistico.sicilia.it/doc/foto/castelli/Agira.jpg";"Ruderi fuori terra che consentono una ricostruzione parziale del complesso.";PRV;"111";"111";"14.529498213578210";"37.654010895994190";"086001";"1587553708"
false;NULL;NULL;"Castello di Aidone";EN;Aidone;"XI-XVII sec.";pubblica;Nessuno;"www.icastelli.it/castle-1234818388-castello_di_aidone-it.php";"http://gis.osservatorioturistico.sicilia.it/doc/foto/castelli/ico/Aidone_ico.jpg";"http://gis.osservatorioturistico.sicilia.it/doc/foto/castelli/Aidone.jpg_";"Resti fuori terra che non consentono una lettura ricostruttiva dell'impianto.";PRV;"112";"112";"14.447319699595896";"37.421111780123050";"086002";"1587553708"
false;NULL;NULL;"Castello di Calascibetta";EN;Calascibetta;"XI-XXsec.";"ente ecclesiastico";"Torre campanaria della chiesa";"www.comunecalascibetta.gov.it/StoriaeTurismo/Cultura/Chiese/ChiesaSPietro.aspx";"http://gis.osservatorioturistico.sicilia.it/doc/foto/castelli/ico/Calascibetta_ico.jpg";"http://gis.osservatorioturistico.sicilia.it/doc/foto/castelli/Calascibetta.jpg";"Resti inglobati in strutture successive e tipologicamente diverse.";PRV;"113";"113";"14.277636425238018";"37.586556245582756";"086005";"1587553708"
false;NULL;NULL;"Castello di Gresti";EN;Aidone;"XIV-XVII sec.";privata;"In abbandono";"www.icastelli.it/castle-1234818884-castello_di_gresti_o_pietratagliata-it.php";"http://gis.osservatorioturistico.sicilia.it/doc/foto/castelli/ico/Gresti_ico.jpg";"http://gis.osservatorioturistico.sicilia.it/doc/foto/castelli/Gresti.jpg";"Complesso architettonico conservato nelle sue parti principali.";PRV;"114";"114";"14.469496374218789";"37.474853575632565";"086002";"1587553708"
false;NULL;NULL;"Castello di Nicosia";EN;Nicosia;"XII-XVIII sec.";pubblica;"Le rovine ricadono in a. verde";NULL;"http://gis.osservatorioturistico.sicilia.it/doc/foto/castelli/ico/Nicosia_ico.jpg";"http://gis.osservatorioturistico.sicilia.it/doc/foto/castelli/Nicosia.jpg";"Ruderi che consentono solo una ricostruzione parziale del complesso.";PRV;"115";"115";"14.401824392021105";"37.750547180370646";"086012";"1587553708"
false;NULL;NULL;"Castello Aragonese";EN;"Piazza Armerina";"XIV sec.";privata;"Utilizzato come deposito";"www.piazzaarmerina.org/percorsi-turistici/castello-aragonese.html";"http://gis.osservatorioturistico.sicilia.it/doc/foto/castelli/ico/Aragonese_ico.jpg";"http://gis.osservatorioturistico.sicilia.it/doc/foto/castelli/Aragonese.jpg";"Complesso architettonico conservato nelle parti principali.";PRV;"116";"116";"14.363925195667267";"37.382634515461525";"086014";"1587553708"
false;NULL;NULL;"Castello di Pietraperzia";EN;Pietraperzia;"XI-XX sec.";pubblica;"Ruderi visitabili";"www.comune.pietraperzia.en.it/introduzioneCastle.htm";"http://gis.osservatorioturistico.sicilia.it/doc/foto/castelli/ico/Pietraperzia_ico.jpg";"http://gis.osservatorioturistico.sicilia.it/doc/foto/castelli/ Pietraperzia.jpg";"Edificio distrutto parzialmente. Ruderi salvaguardati da recenti interventi di consolidamento.";PRV;"117";"117";"14.135825331843403";"37.423937236423570";"086015";"1587553708"
false;NULL;NULL;"Castiglione di Sicilia";CT;"Castiglione di Sicilia";"XI-XX sec.";pubblica;Visitabile;"www.icastelli.it/castle-1234811235-castello_grande_di_castiglione_di_sicilia-it.php";"http://gis.osservatorioturistico.sicilia.it/doc/foto/castelli/ico/Castiglione_ico.jpg";"http://gis.osservatorioturistico.sicilia.it/doc/foto/castelli/Castiglione.jpg";"Complesso architettonico conservato nelle parti pricipali.";E;"118";"118";"15.120805377761247";"37.884030184729454";"087014";"1587553708"
false;NULL;NULL;"Castelluccio Castiglione di S.";CT;"Castiglione di Sicilia";"XIV sec.";pubblica;"Giardino pubblico";"www.icastelli.it/castle-1234811279-castello_piccolo_di_castiglione_di_sicilia-it.php";"http://gis.osservatorioturistico.sicilia.it/doc/foto/castelli/ico/Castiglione di Sicilia_ico.jpg";"http://gis.osservatorioturistico.sicilia.it/doc/foto/castelli/";"Resti fuori terra che consentono una lettura ricostruttiva parziale dell'impianto.";PRV;"119";"119";"15.121122980165270";"37.883949732167984";"087014";"1587553708"
false;NULL;NULL;"Castello Ursino";CT;Catania;"1071-1931";pubblica;"Museo civico";"plus.google.com/115532370313006162185/about?gl=it&hl=it";"http://gis.osservatorioturistico.sicilia.it/doc/foto/castelli/ico/Ursino_ico.jpg";"http://gis.osservatorioturistico.sicilia.it/doc/foto/castelli/Ursino.jpg";"Complesso architettonico quasi interamente conservato nella configurazione esterna, ma con profonde modifiche degli spazi interni.";E;"120";"120";"15.084703638274476";"37.499022125590000";"087015";"1587553708"
false;NULL;NULL;"Castello di Maletto";CT;Maletto;"XIII-XVI sec.";pubblica;"Non visitabile";"www.comune.maletto.ct.it/maletto_storia/default.aspx";"http://gis.osservatorioturistico.sicilia.it/doc/foto/castelli/ico/Maletto_ico.jpg";"http://gis.osservatorioturistico.sicilia.it/doc/foto/castelli/Maletto.jpg";"Resti fuori terra visibili che consentono una lettura ricostruttiva parziale dell'impianto.";PRV;"121";"122";"14.864009511916873";"37.828644811844750";"087022";"1587553708"
false;NULL;NULL;"Castello Nelson";CT;Bronte;"XIX sec.";pubblica;Visitabile;"www.comune.bronte.ct.it/citta/beni_culturali/beni_culturali_nelson.htm";"http://gis.osservatorioturistico.sicilia.it/doc/foto/castelli/ico/Nelson_ico.jpg";"http://gis.osservatorioturistico.sicilia.it/doc/foto/castelli/Nelson.jpg";"Ruderi inglobati in strutture più tarde (XIX sec.) e tipologicamente diverse: chiesa del XII sec..";E;"122";"123";"14.818382062253380";"37.858807547174090";"087009";"1587553708"
false;NULL;NULL;"Castello di Motta S.Anastasia";CT;"Motta Sant'Anastasia";"non precisabile";pubblica;"Spazio espositivo e info point";"www.icastelli.it/castle-1234811607-castello_di_motta_santanastasia-it.php";"http://gis.osservatorioturistico.sicilia.it/doc/foto/castelli/ico/Motta_S_Anastasia_ico.jpg";"http://gis.osservatorioturistico.sicilia.it/doc/foto/castelli/Motta_S.Anastasia.jpg";"Complesso architettonico conservato nelle parti principali.";E;"123";"124";"14.970978697707649";"37.511801885670320";"087030";"1587553708"
false;NULL;NULL;"Castello di Paternò";CT;Paternò;"1072";pubblica;"Museo civico";"www.comune.paterno.ct.it/mm/mm_p_dettaglio.php?idmonumento=1&x=";"http://gis.osservatorioturistico.sicilia.it/doc/foto/castelli/ico/Paternò_ico.JPG";"http://gis.osservatorioturistico.sicilia.it/doc/foto/castelli/Paternò.jpg";"Edificio interamente conservato.";E;"124";"125";"14.893647377992073";"37.565582455973846";"087033";"1587553708"
false;NULL;NULL;"Castello di Serravalle";CT;Mineo;"non precisabile";privata;"Residenza temporanea";"www.icastelli.it/castle-1234811822-castello_di_serravalle_a_mineo-it.php";"http://gis.osservatorioturistico.sicilia.it/doc/foto/castelli/ico/Serravalle_ico.jpg";"http://gis.osservatorioturistico.sicilia.it/doc/foto/castelli/Serravalle.jpg";"Complesso architettonico conservato nelle parti principali.";E;"125";"126";"14.676258188081484";"37.343537325388370";"087027";"1587553708"
false;NULL;NULL;"Ruderi/Castello-rocca";ME;Tusa;"XII-XVI sec.";pubblica;Nessuno;"www.uniga.it/wp-content/uploads/Vt2015/Tusavt2015/tusamontagna.html";"http://gis.osservatorioturistico.sicilia.it/doc/foto/castelli/ico/Tusa ruderi_ico.jpg";"http://gis.osservatorioturistico.sicilia.it/doc/foto/castelli/";"La parte meridionale del castello negli anni 1950-1960 è stata scalzata, dalle opere di sbancamento, per edificare un edificio scolastico (da:i Luoghi del Cuore).";PRV;"126";"127";"14.236806428681504";"37.985177752361480";"083101";"1587553708"
false;NULL;NULL;"Castello Mongialino";CT;Mineo;"XII sec.";pubblica;"In abbandono";"www.it.wikipedia.org/wiki/Castello_di_Mongialino";"http://gis.osservatorioturistico.sicilia.it/doc/foto/castelli/ico/mongialino_ico.jpg";"http://gis.osservatorioturistico.sicilia.it/doc/foto/castelli/Castello_di_Mongialino_15.jpg";"La struttura presenta vistose lesioni e parti pericolanti. Citato dal geografo Idrisi (Casale Al-Khalil)";PRV;"127";"128";"14.574358333451745";"37.340063888638426";"087027";"1587553708"
false;NULL;NULL;"Castello Santapau";CT;"Licodia Eubea";"XII-XIII sec.";pubblica;"In abbandono";"www.it.wikipedia.org/wiki/Castello_Santapau";"http://gis.osservatorioturistico.sicilia.it/doc/foto/castelli/ico/santapau_ico.jpg";"http://gis.osservatorioturistico.sicilia.it/doc/foto/castelli/";"Fondato in epoca medievale, non rimangono che alcuni ruderi, a seguito del terremoto del 1693. I ruderi del castello dominano dall'alto il centro urbano del comune di Licodia Eubea.";PRV;"128";"129";"14.698705555840277";"37.154108333519570";"087020";"1587553708"
false;NULL;NULL;"Castello di Sperlinga";EN;Sperlinga;"XI-XII sec.";pubblica;Visitabile;"www.sperlinga.net/";"http://gis.osservatorioturistico.sicilia.it/doc/foto/castelli/ico/Sperlinga_ico.jpg";"http://gis.osservatorioturistico.sicilia.it/doc/foto/castelli/Sperlinga.jpg";"E' un castello medievale costruito sulla rocca che domina la cittadina di Sperlinga, i primi documenti sull'esistenza del borgo e del suo castello sono del 1080.";E;"129";"130";"14.353674359409885";"37.765186787853680";"086017";"1587553708"
