Codice Regione,Codice Città Metropolitana,Codice Provincia (1),Progressivo del Comune (2),Codice Comune formato alfanumerico,Denominazione in italiano,Denominazione altra lingua,Codice Ripartizione Geografica,Ripartizione geografica,Denominazione regione,Denominazione Città metropolitana,Denominazione provincia,Flag Comune capoluogo di provincia,Sigla automobilistica,Codice Comune formato numerico,Codice Comune numerico con 110 province (dal 2010 al 2016),Codice Comune numerico con 107 province (dal 2006 al 2009),Codice Comune numerico con 103 province (dal 1995 al 2005),Codice Catastale del comune,Popolazione legale 2011 (09/10/2011),Codice NUTS1 2010,Codice NUTS2 2010 (3),Codice NUTS3 2010,Codice NUTS1 2006,Codice NUTS2 2006 (3),Codice NUTS3 2006
19,-,081, 001 ,081001,Alcamo,,5,Isole,Sicilia,-,Trapani,0,TP,81001,81001,81001,81001,A176,45.314,ITG,ITG1,ITG11,ITG,ITG1,ITG11
19,-,081, 002 ,081002,Buseto Palizzolo,,5,Isole,Sicilia,-,Trapani,0,TP,81002,81002,81002,81002,B288,3.031,ITG,ITG1,ITG11,ITG,ITG1,ITG11
19,-,081, 003 ,081003,Calatafimi-Segesta,,5,Isole,Sicilia,-,Trapani,0,TP,81003,81003,81003,81003,B385,6.938,ITG,ITG1,ITG11,ITG,ITG1,ITG11
19,-,081, 004 ,081004,Campobello di Mazara,,5,Isole,Sicilia,-,Trapani,0,TP,81004,81004,81004,81004,B521,11.580,ITG,ITG1,ITG11,ITG,ITG1,ITG11
19,-,081, 005 ,081005,Castellammare del Golfo,,5,Isole,Sicilia,-,Trapani,0,TP,81005,81005,81005,81005,C130,14.603,ITG,ITG1,ITG11,ITG,ITG1,ITG11
19,-,081, 006 ,081006,Castelvetrano,,5,Isole,Sicilia,-,Trapani,0,TP,81006,81006,81006,81006,C286,31.824,ITG,ITG1,ITG11,ITG,ITG1,ITG11
19,-,081, 007 ,081007,Custonaci,,5,Isole,Sicilia,-,Trapani,0,TP,81007,81007,81007,81007,D234,5.392,ITG,ITG1,ITG11,ITG,ITG1,ITG11
19,-,081, 008 ,081008,Erice,,5,Isole,Sicilia,-,Trapani,0,TP,81008,81008,81008,81008,D423,28.012,ITG,ITG1,ITG11,ITG,ITG1,ITG11
19,-,081, 009 ,081009,Favignana,,5,Isole,Sicilia,-,Trapani,0,TP,81009,81009,81009,81009,D518,4.185,ITG,ITG1,ITG11,ITG,ITG1,ITG11
19,-,081, 010 ,081010,Gibellina,,5,Isole,Sicilia,-,Trapani,0,TP,81010,81010,81010,81010,E023,4.264,ITG,ITG1,ITG11,ITG,ITG1,ITG11
19,-,081, 011 ,081011,Marsala,,5,Isole,Sicilia,-,Trapani,0,TP,81011,81011,81011,81011,E974,80.218,ITG,ITG1,ITG11,ITG,ITG1,ITG11
19,-,081, 012 ,081012,Mazara del Vallo,,5,Isole,Sicilia,-,Trapani,0,TP,81012,81012,81012,81012,F061,49.995,ITG,ITG1,ITG11,ITG,ITG1,ITG11
19,-,081, 013 ,081013,Paceco,,5,Isole,Sicilia,-,Trapani,0,TP,81013,81013,81013,81013,G208,11.487,ITG,ITG1,ITG11,ITG,ITG1,ITG11
19,-,081, 014 ,081014,Pantelleria,,5,Isole,Sicilia,-,Trapani,0,TP,81014,81014,81014,81014,G315,7.493,ITG,ITG1,ITG11,ITG,ITG1,ITG11
19,-,081, 015 ,081015,Partanna,,5,Isole,Sicilia,-,Trapani,0,TP,81015,81015,81015,81015,G347,10.854,ITG,ITG1,ITG11,ITG,ITG1,ITG11
19,-,081, 016 ,081016,Poggioreale,,5,Isole,Sicilia,-,Trapani,0,TP,81016,81016,81016,81016,G767,1.534,ITG,ITG1,ITG11,ITG,ITG1,ITG11
19,-,081, 017 ,081017,Salaparuta,,5,Isole,Sicilia,-,Trapani,0,TP,81017,81017,81017,81017,H688,1.721,ITG,ITG1,ITG11,ITG,ITG1,ITG11
19,-,081, 018 ,081018,Salemi,,5,Isole,Sicilia,-,Trapani,0,TP,81018,81018,81018,81018,H700,10.871,ITG,ITG1,ITG11,ITG,ITG1,ITG11
19,-,081, 019 ,081019,Santa Ninfa,,5,Isole,Sicilia,-,Trapani,0,TP,81019,81019,81019,81019,I291,5.095,ITG,ITG1,ITG11,ITG,ITG1,ITG11
19,-,081, 020 ,081020,San Vito Lo Capo,,5,Isole,Sicilia,-,Trapani,0,TP,81020,81020,81020,81020,I407,4.415,ITG,ITG1,ITG11,ITG,ITG1,ITG11
19,-,081, 021 ,081021,Trapani,,5,Isole,Sicilia,-,Trapani,1,TP,81021,81021,81021,81021,L331,69.241,ITG,ITG1,ITG11,ITG,ITG1,ITG11
19,-,081, 022 ,081022,Valderice,,5,Isole,Sicilia,-,Trapani,0,TP,81022,81022,81022,81022,G319,11.951,ITG,ITG1,ITG11,ITG,ITG1,ITG11
19,-,081, 023 ,081023,Vita,,5,Isole,Sicilia,-,Trapani,0,TP,81023,81023,81023,81023,M081,2.139,ITG,ITG1,ITG11,ITG,ITG1,ITG11
19,-,081, 024 ,081024,Petrosino,,5,Isole,Sicilia,-,Trapani,0,TP,81024,81024,81024,81024,M281,7.760,ITG,ITG1,ITG11,ITG,ITG1,ITG11
19,282,082, 001 ,082001,Alia,,5,Isole,Sicilia,Palermo,-,0,PA,82001,82001,82001,82001,A195,3.806,ITG,ITG1,ITG12,ITG,ITG1,ITG12
19,282,082, 002 ,082002,Alimena,,5,Isole,Sicilia,Palermo,-,0,PA,82002,82002,82002,82002,A202,2.152,ITG,ITG1,ITG12,ITG,ITG1,ITG12
19,282,082, 003 ,082003,Aliminusa,,5,Isole,Sicilia,Palermo,-,0,PA,82003,82003,82003,82003,A203,1.291,ITG,ITG1,ITG12,ITG,ITG1,ITG12
19,282,082, 004 ,082004,Altavilla Milicia,,5,Isole,Sicilia,Palermo,-,0,PA,82004,82004,82004,82004,A229,7.429,ITG,ITG1,ITG12,ITG,ITG1,ITG12
19,282,082, 005 ,082005,Altofonte,,5,Isole,Sicilia,Palermo,-,0,PA,82005,82005,82005,82005,A239,10.266,ITG,ITG1,ITG12,ITG,ITG1,ITG12
19,282,082, 006 ,082006,Bagheria,,5,Isole,Sicilia,Palermo,-,0,PA,82006,82006,82006,82006,A546,54.257,ITG,ITG1,ITG12,ITG,ITG1,ITG12
19,282,082, 007 ,082007,Balestrate,,5,Isole,Sicilia,Palermo,-,0,PA,82007,82007,82007,82007,A592,6.413,ITG,ITG1,ITG12,ITG,ITG1,ITG12
19,282,082, 008 ,082008,Baucina,,5,Isole,Sicilia,Palermo,-,0,PA,82008,82008,82008,82008,A719,2.014,ITG,ITG1,ITG12,ITG,ITG1,ITG12
19,282,082, 009 ,082009,Belmonte Mezzagno,,5,Isole,Sicilia,Palermo,-,0,PA,82009,82009,82009,82009,A764,11.149,ITG,ITG1,ITG12,ITG,ITG1,ITG12
19,282,082, 010 ,082010,Bisacquino,,5,Isole,Sicilia,Palermo,-,0,PA,82010,82010,82010,82010,A882,4.829,ITG,ITG1,ITG12,ITG,ITG1,ITG12
19,282,082, 011 ,082011,Bolognetta,,5,Isole,Sicilia,Palermo,-,0,PA,82011,82011,82011,82011,A946,3.932,ITG,ITG1,ITG12,ITG,ITG1,ITG12
19,282,082, 012 ,082012,Bompietro,,5,Isole,Sicilia,Palermo,-,0,PA,82012,82012,82012,82012,A958,1.474,ITG,ITG1,ITG12,ITG,ITG1,ITG12
19,282,082, 013 ,082013,Borgetto,,5,Isole,Sicilia,Palermo,-,0,PA,82013,82013,82013,82013,A991,7.021,ITG,ITG1,ITG12,ITG,ITG1,ITG12
19,282,082, 014 ,082014,Caccamo,,5,Isole,Sicilia,Palermo,-,0,PA,82014,82014,82014,82014,B315,8.295,ITG,ITG1,ITG12,ITG,ITG1,ITG12
19,282,082, 015 ,082015,Caltavuturo,,5,Isole,Sicilia,Palermo,-,0,PA,82015,82015,82015,82015,B430,4.171,ITG,ITG1,ITG12,ITG,ITG1,ITG12
19,282,082, 016 ,082016,Campofelice di Fitalia,,5,Isole,Sicilia,Palermo,-,0,PA,82016,82016,82016,82016,B533,548,ITG,ITG1,ITG12,ITG,ITG1,ITG12
19,282,082, 017 ,082017,Campofelice di Roccella,,5,Isole,Sicilia,Palermo,-,0,PA,82017,82017,82017,82017,B532,6.918,ITG,ITG1,ITG12,ITG,ITG1,ITG12
19,282,082, 018 ,082018,Campofiorito,,5,Isole,Sicilia,Palermo,-,0,PA,82018,82018,82018,82018,B535,1.332,ITG,ITG1,ITG12,ITG,ITG1,ITG12
19,282,082, 019 ,082019,Camporeale,,5,Isole,Sicilia,Palermo,-,0,PA,82019,82019,82019,82019,B556,3.448,ITG,ITG1,ITG12,ITG,ITG1,ITG12
19,282,082, 020 ,082020,Capaci,,5,Isole,Sicilia,Palermo,-,0,PA,82020,82020,82020,82020,B645,11.030,ITG,ITG1,ITG12,ITG,ITG1,ITG12
19,282,082, 021 ,082021,Carini,,5,Isole,Sicilia,Palermo,-,0,PA,82021,82021,82021,82021,B780,35.681,ITG,ITG1,ITG12,ITG,ITG1,ITG12
19,282,082, 022 ,082022,Castelbuono,,5,Isole,Sicilia,Palermo,-,0,PA,82022,82022,82022,82022,C067,9.161,ITG,ITG1,ITG12,ITG,ITG1,ITG12
19,282,082, 023 ,082023,Casteldaccia,,5,Isole,Sicilia,Palermo,-,0,PA,82023,82023,82023,82023,C074,10.884,ITG,ITG1,ITG12,ITG,ITG1,ITG12
19,282,082, 024 ,082024,Castellana Sicula,,5,Isole,Sicilia,Palermo,-,0,PA,82024,82024,82024,82024,C135,3.549,ITG,ITG1,ITG12,ITG,ITG1,ITG12
19,282,082, 025 ,082025,Castronovo di Sicilia,,5,Isole,Sicilia,Palermo,-,0,PA,82025,82025,82025,82025,C344,3.175,ITG,ITG1,ITG12,ITG,ITG1,ITG12
19,282,082, 026 ,082026,Cefalà Diana,,5,Isole,Sicilia,Palermo,-,0,PA,82026,82026,82026,82026,C420,1.007,ITG,ITG1,ITG12,ITG,ITG1,ITG12
19,282,082, 027 ,082027,Cefalù,,5,Isole,Sicilia,Palermo,-,0,PA,82027,82027,82027,82027,C421,14.354,ITG,ITG1,ITG12,ITG,ITG1,ITG12
19,282,082, 028 ,082028,Cerda,,5,Isole,Sicilia,Palermo,-,0,PA,82028,82028,82028,82028,C496,5.391,ITG,ITG1,ITG12,ITG,ITG1,ITG12
19,282,082, 029 ,082029,Chiusa Sclafani,,5,Isole,Sicilia,Palermo,-,0,PA,82029,82029,82029,82029,C654,2.957,ITG,ITG1,ITG12,ITG,ITG1,ITG12
19,282,082, 030 ,082030,Ciminna,,5,Isole,Sicilia,Palermo,-,0,PA,82030,82030,82030,82030,C696,3.845,ITG,ITG1,ITG12,ITG,ITG1,ITG12
19,282,082, 031 ,082031,Cinisi,,5,Isole,Sicilia,Palermo,-,0,PA,82031,82031,82031,82031,C708,12.031,ITG,ITG1,ITG12,ITG,ITG1,ITG12
19,282,082, 032 ,082032,Collesano,,5,Isole,Sicilia,Palermo,-,0,PA,82032,82032,82032,82032,C871,4.095,ITG,ITG1,ITG12,ITG,ITG1,ITG12
19,282,082, 033 ,082033,Contessa Entellina,,5,Isole,Sicilia,Palermo,-,0,PA,82033,82033,82033,82033,C968,1.865,ITG,ITG1,ITG12,ITG,ITG1,ITG12
19,282,082, 034 ,082034,Corleone,,5,Isole,Sicilia,Palermo,-,0,PA,82034,82034,82034,82034,D009,11.286,ITG,ITG1,ITG12,ITG,ITG1,ITG12
19,282,082, 035 ,082035,Ficarazzi,,5,Isole,Sicilia,Palermo,-,0,PA,82035,82035,82035,82035,D567,11.484,ITG,ITG1,ITG12,ITG,ITG1,ITG12
19,282,082, 036 ,082036,Gangi,,5,Isole,Sicilia,Palermo,-,0,PA,82036,82036,82036,82036,D907,7.063,ITG,ITG1,ITG12,ITG,ITG1,ITG12
19,282,082, 037 ,082037,Geraci Siculo,,5,Isole,Sicilia,Palermo,-,0,PA,82037,82037,82037,82037,D977,1.925,ITG,ITG1,ITG12,ITG,ITG1,ITG12
19,282,082, 038 ,082038,Giardinello,,5,Isole,Sicilia,Palermo,-,0,PA,82038,82038,82038,82038,E013,2.258,ITG,ITG1,ITG12,ITG,ITG1,ITG12
19,282,082, 039 ,082039,Giuliana,,5,Isole,Sicilia,Palermo,-,0,PA,82039,82039,82039,82039,E055,2.032,ITG,ITG1,ITG12,ITG,ITG1,ITG12
19,282,082, 040 ,082040,Godrano,,5,Isole,Sicilia,Palermo,-,0,PA,82040,82040,82040,82040,E074,1.153,ITG,ITG1,ITG12,ITG,ITG1,ITG12
19,282,082, 041 ,082041,Gratteri,,5,Isole,Sicilia,Palermo,-,0,PA,82041,82041,82041,82041,E149,1.019,ITG,ITG1,ITG12,ITG,ITG1,ITG12
19,282,082, 042 ,082042,Isnello,,5,Isole,Sicilia,Palermo,-,0,PA,82042,82042,82042,82042,E337,1.598,ITG,ITG1,ITG12,ITG,ITG1,ITG12
19,282,082, 043 ,082043,Isola delle Femmine,,5,Isole,Sicilia,Palermo,-,0,PA,82043,82043,82043,82043,E350,7.100,ITG,ITG1,ITG12,ITG,ITG1,ITG12
19,282,082, 044 ,082044,Lascari,,5,Isole,Sicilia,Palermo,-,0,PA,82044,82044,82044,82044,E459,3.500,ITG,ITG1,ITG12,ITG,ITG1,ITG12
19,282,082, 045 ,082045,Lercara Friddi,,5,Isole,Sicilia,Palermo,-,0,PA,82045,82045,82045,82045,E541,6.935,ITG,ITG1,ITG12,ITG,ITG1,ITG12
19,282,082, 046 ,082046,Marineo,,5,Isole,Sicilia,Palermo,-,0,PA,82046,82046,82046,82046,E957,6.779,ITG,ITG1,ITG12,ITG,ITG1,ITG12
19,282,082, 047 ,082047,Mezzojuso,,5,Isole,Sicilia,Palermo,-,0,PA,82047,82047,82047,82047,F184,3.020,ITG,ITG1,ITG12,ITG,ITG1,ITG12
19,282,082, 048 ,082048,Misilmeri,,5,Isole,Sicilia,Palermo,-,0,PA,82048,82048,82048,82048,F246,27.570,ITG,ITG1,ITG12,ITG,ITG1,ITG12
19,282,082, 049 ,082049,Monreale,,5,Isole,Sicilia,Palermo,-,0,PA,82049,82049,82049,82049,F377,38.018,ITG,ITG1,ITG12,ITG,ITG1,ITG12
19,282,082, 050 ,082050,Montelepre,,5,Isole,Sicilia,Palermo,-,0,PA,82050,82050,82050,82050,F544,6.421,ITG,ITG1,ITG12,ITG,ITG1,ITG12
19,282,082, 051 ,082051,Montemaggiore Belsito,,5,Isole,Sicilia,Palermo,-,0,PA,82051,82051,82051,82051,F553,3.566,ITG,ITG1,ITG12,ITG,ITG1,ITG12
19,282,082, 052 ,082052,Palazzo Adriano,,5,Isole,Sicilia,Palermo,-,0,PA,82052,82052,82052,82052,G263,2.227,ITG,ITG1,ITG12,ITG,ITG1,ITG12
19,282,082, 053 ,082053,Palermo,,5,Isole,Sicilia,Palermo,-,1,PA,82053,82053,82053,82053,G273,657.561,ITG,ITG1,ITG12,ITG,ITG1,ITG12
19,282,082, 054 ,082054,Partinico,,5,Isole,Sicilia,Palermo,-,0,PA,82054,82054,82054,82054,G348,31.401,ITG,ITG1,ITG12,ITG,ITG1,ITG12
19,282,082, 055 ,082055,Petralia Soprana,,5,Isole,Sicilia,Palermo,-,0,PA,82055,82055,82055,82055,G510,3.443,ITG,ITG1,ITG12,ITG,ITG1,ITG12
19,282,082, 056 ,082056,Petralia Sottana,,5,Isole,Sicilia,Palermo,-,0,PA,82056,82056,82056,82056,G511,2.975,ITG,ITG1,ITG12,ITG,ITG1,ITG12
19,282,082, 057 ,082057,Piana degli Albanesi,,5,Isole,Sicilia,Palermo,-,0,PA,82057,82057,82057,82057,G543,6.010,ITG,ITG1,ITG12,ITG,ITG1,ITG12
19,282,082, 058 ,082058,Polizzi Generosa,,5,Isole,Sicilia,Palermo,-,0,PA,82058,82058,82058,82058,G792,3.607,ITG,ITG1,ITG12,ITG,ITG1,ITG12
19,282,082, 059 ,082059,Pollina,,5,Isole,Sicilia,Palermo,-,0,PA,82059,82059,82059,82059,G797,2.998,ITG,ITG1,ITG12,ITG,ITG1,ITG12
19,282,082, 060 ,082060,Prizzi,,5,Isole,Sicilia,Palermo,-,0,PA,82060,82060,82060,82060,H070,5.055,ITG,ITG1,ITG12,ITG,ITG1,ITG12
19,282,082, 061 ,082061,Roccamena,,5,Isole,Sicilia,Palermo,-,0,PA,82061,82061,82061,82061,H422,1.562,ITG,ITG1,ITG12,ITG,ITG1,ITG12
19,282,082, 062 ,082062,Roccapalumba,,5,Isole,Sicilia,Palermo,-,0,PA,82062,82062,82062,82062,H428,2.634,ITG,ITG1,ITG12,ITG,ITG1,ITG12
19,282,082, 063 ,082063,San Cipirello,,5,Isole,Sicilia,Palermo,-,0,PA,82063,82063,82063,82063,H797,5.478,ITG,ITG1,ITG12,ITG,ITG1,ITG12
19,282,082, 064 ,082064,San Giuseppe Jato,,5,Isole,Sicilia,Palermo,-,0,PA,82064,82064,82064,82064,H933,8.511,ITG,ITG1,ITG12,ITG,ITG1,ITG12
19,282,082, 065 ,082065,San Mauro Castelverde,,5,Isole,Sicilia,Palermo,-,0,PA,82065,82065,82065,82065,I028,1.847,ITG,ITG1,ITG12,ITG,ITG1,ITG12
19,282,082, 066 ,082066,Santa Cristina Gela,,5,Isole,Sicilia,Palermo,-,0,PA,82066,82066,82066,82066,I174,925,ITG,ITG1,ITG12,ITG,ITG1,ITG12
19,282,082, 067 ,082067,Santa Flavia,,5,Isole,Sicilia,Palermo,-,0,PA,82067,82067,82067,82067,I188,10.751,ITG,ITG1,ITG12,ITG,ITG1,ITG12
19,282,082, 068 ,082068,Sciara,,5,Isole,Sicilia,Palermo,-,0,PA,82068,82068,82068,82068,I534,2.787,ITG,ITG1,ITG12,ITG,ITG1,ITG12
19,282,082, 069 ,082069,Sclafani Bagni,,5,Isole,Sicilia,Palermo,-,0,PA,82069,82069,82069,82069,I541,450,ITG,ITG1,ITG12,ITG,ITG1,ITG12
19,282,082, 070 ,082070,Termini Imerese,,5,Isole,Sicilia,Palermo,-,0,PA,82070,82070,82070,82070,L112,26.201,ITG,ITG1,ITG12,ITG,ITG1,ITG12
19,282,082, 071 ,082071,Terrasini,,5,Isole,Sicilia,Palermo,-,0,PA,82071,82071,82071,82071,L131,11.985,ITG,ITG1,ITG12,ITG,ITG1,ITG12
19,282,082, 072 ,082072,Torretta,,5,Isole,Sicilia,Palermo,-,0,PA,82072,82072,82072,82072,L282,4.141,ITG,ITG1,ITG12,ITG,ITG1,ITG12
19,282,082, 073 ,082073,Trabia,,5,Isole,Sicilia,Palermo,-,0,PA,82073,82073,82073,82073,L317,10.360,ITG,ITG1,ITG12,ITG,ITG1,ITG12
19,282,082, 074 ,082074,Trappeto,,5,Isole,Sicilia,Palermo,-,0,PA,82074,82074,82074,82074,L332,3.211,ITG,ITG1,ITG12,ITG,ITG1,ITG12
19,282,082, 075 ,082075,Ustica,,5,Isole,Sicilia,Palermo,-,0,PA,82075,82075,82075,82075,L519,1.287,ITG,ITG1,ITG12,ITG,ITG1,ITG12
19,282,082, 076 ,082076,Valledolmo,,5,Isole,Sicilia,Palermo,-,0,PA,82076,82076,82076,82076,L603,3.747,ITG,ITG1,ITG12,ITG,ITG1,ITG12
19,282,082, 077 ,082077,Ventimiglia di Sicilia,,5,Isole,Sicilia,Palermo,-,0,PA,82077,82077,82077,82077,L740,2.080,ITG,ITG1,ITG12,ITG,ITG1,ITG12
19,282,082, 078 ,082078,Vicari,,5,Isole,Sicilia,Palermo,-,0,PA,82078,82078,82078,82078,L837,2.948,ITG,ITG1,ITG12,ITG,ITG1,ITG12
19,282,082, 079 ,082079,Villabate,,5,Isole,Sicilia,Palermo,-,0,PA,82079,82079,82079,82079,L916,19.819,ITG,ITG1,ITG12,ITG,ITG1,ITG12
19,282,082, 080 ,082080,Villafrati,,5,Isole,Sicilia,Palermo,-,0,PA,82080,82080,82080,82080,L951,3.377,ITG,ITG1,ITG12,ITG,ITG1,ITG12
19,282,082, 081 ,082081,Scillato,,5,Isole,Sicilia,Palermo,-,0,PA,82081,82081,82081,82081,I538,627,ITG,ITG1,ITG12,ITG,ITG1,ITG12
19,282,082, 082 ,082082,Blufi,,5,Isole,Sicilia,Palermo,-,0,PA,82082,82082,82082,82082,M268,1.083,ITG,ITG1,ITG12,ITG,ITG1,ITG12
19,283,083, 001 ,083001,Alcara li Fusi,,5,Isole,Sicilia,Messina,-,0,ME,83001,83001,83001,83001,A177,2.072,ITG,ITG1,ITG13,ITG,ITG1,ITG13
19,283,083, 002 ,083002,Alì,,5,Isole,Sicilia,Messina,-,0,ME,83002,83002,83002,83002,A194,823,ITG,ITG1,ITG13,ITG,ITG1,ITG13
19,283,083, 003 ,083003,Alì Terme,,5,Isole,Sicilia,Messina,-,0,ME,83003,83003,83003,83003,A201,2.567,ITG,ITG1,ITG13,ITG,ITG1,ITG13
19,283,083, 004 ,083004,Antillo,,5,Isole,Sicilia,Messina,-,0,ME,83004,83004,83004,83004,A313,992,ITG,ITG1,ITG13,ITG,ITG1,ITG13
19,283,083, 005 ,083005,Barcellona Pozzo di Gotto,,5,Isole,Sicilia,Messina,-,0,ME,83005,83005,83005,83005,A638,41.632,ITG,ITG1,ITG13,ITG,ITG1,ITG13
19,283,083, 006 ,083006,Basicò,,5,Isole,Sicilia,Messina,-,0,ME,83006,83006,83006,83006,A698,679,ITG,ITG1,ITG13,ITG,ITG1,ITG13
19,283,083, 007 ,083007,Brolo,,5,Isole,Sicilia,Messina,-,0,ME,83007,83007,83007,83007,B198,5.826,ITG,ITG1,ITG13,ITG,ITG1,ITG13
19,283,083, 008 ,083008,Capizzi,,5,Isole,Sicilia,Messina,-,0,ME,83008,83008,83008,83008,B660,3.347,ITG,ITG1,ITG13,ITG,ITG1,ITG13
19,283,083, 009 ,083009,Capo d'Orlando,,5,Isole,Sicilia,Messina,-,0,ME,83009,83009,83009,83009,B666,13.260,ITG,ITG1,ITG13,ITG,ITG1,ITG13
19,283,083, 010 ,083010,Capri Leone,,5,Isole,Sicilia,Messina,-,0,ME,83010,83010,83010,83010,B695,4.516,ITG,ITG1,ITG13,ITG,ITG1,ITG13
19,283,083, 011 ,083011,Caronia,,5,Isole,Sicilia,Messina,-,0,ME,83011,83011,83011,83011,B804,3.463,ITG,ITG1,ITG13,ITG,ITG1,ITG13
19,283,083, 012 ,083012,Casalvecchio Siculo,,5,Isole,Sicilia,Messina,-,0,ME,83012,83012,83012,83012,B918,907,ITG,ITG1,ITG13,ITG,ITG1,ITG13
19,283,083, 013 ,083013,Castel di Lucio,,5,Isole,Sicilia,Messina,-,0,ME,83013,83013,83013,83013,C094,1.366,ITG,ITG1,ITG13,ITG,ITG1,ITG13
19,283,083, 014 ,083014,Castell'Umberto,,5,Isole,Sicilia,Messina,-,0,ME,83014,83014,83014,83014,C051,3.295,ITG,ITG1,ITG13,ITG,ITG1,ITG13
19,283,083, 015 ,083015,Castelmola,,5,Isole,Sicilia,Messina,-,0,ME,83015,83015,83015,83015,C210,1.073,ITG,ITG1,ITG13,ITG,ITG1,ITG13
19,283,083, 016 ,083016,Castroreale,,5,Isole,Sicilia,Messina,-,0,ME,83016,83016,83016,83016,C347,2.548,ITG,ITG1,ITG13,ITG,ITG1,ITG13
19,283,083, 017 ,083017,Cesarò,,5,Isole,Sicilia,Messina,-,0,ME,83017,83017,83017,83017,C568,2.572,ITG,ITG1,ITG13,ITG,ITG1,ITG13
19,283,083, 018 ,083018,Condrò,,5,Isole,Sicilia,Messina,-,0,ME,83018,83018,83018,83018,C956,481,ITG,ITG1,ITG13,ITG,ITG1,ITG13
19,283,083, 019 ,083019,Falcone,,5,Isole,Sicilia,Messina,-,0,ME,83019,83019,83019,83019,D474,2.874,ITG,ITG1,ITG13,ITG,ITG1,ITG13
19,283,083, 020 ,083020,Ficarra,,5,Isole,Sicilia,Messina,-,0,ME,83020,83020,83020,83020,D569,1.566,ITG,ITG1,ITG13,ITG,ITG1,ITG13
19,283,083, 021 ,083021,Fiumedinisi,,5,Isole,Sicilia,Messina,-,0,ME,83021,83021,83021,83021,D622,1.559,ITG,ITG1,ITG13,ITG,ITG1,ITG13
19,283,083, 022 ,083022,Floresta,,5,Isole,Sicilia,Messina,-,0,ME,83022,83022,83022,83022,D635,516,ITG,ITG1,ITG13,ITG,ITG1,ITG13
19,283,083, 023 ,083023,Fondachelli-Fantina,,5,Isole,Sicilia,Messina,-,0,ME,83023,83023,83023,83023,D661,1.090,ITG,ITG1,ITG13,ITG,ITG1,ITG13
19,283,083, 024 ,083024,Forza d'Agrò,,5,Isole,Sicilia,Messina,-,0,ME,83024,83024,83024,83024,D733,878,ITG,ITG1,ITG13,ITG,ITG1,ITG13
19,283,083, 025 ,083025,Francavilla di Sicilia,,5,Isole,Sicilia,Messina,-,0,ME,83025,83025,83025,83025,D765,3.901,ITG,ITG1,ITG13,ITG,ITG1,ITG13
19,283,083, 026 ,083026,Frazzanò,,5,Isole,Sicilia,Messina,-,0,ME,83026,83026,83026,83026,D793,755,ITG,ITG1,ITG13,ITG,ITG1,ITG13
19,283,083, 027 ,083027,Furci Siculo,,5,Isole,Sicilia,Messina,-,0,ME,83027,83027,83027,83027,D824,3.428,ITG,ITG1,ITG13,ITG,ITG1,ITG13
19,283,083, 028 ,083028,Furnari,,5,Isole,Sicilia,Messina,-,0,ME,83028,83028,83028,83028,D825,3.665,ITG,ITG1,ITG13,ITG,ITG1,ITG13
19,283,083, 029 ,083029,Gaggi,,5,Isole,Sicilia,Messina,-,0,ME,83029,83029,83029,83029,D844,3.138,ITG,ITG1,ITG13,ITG,ITG1,ITG13
19,283,083, 030 ,083030,Galati Mamertino,,5,Isole,Sicilia,Messina,-,0,ME,83030,83030,83030,83030,D861,2.794,ITG,ITG1,ITG13,ITG,ITG1,ITG13
19,283,083, 031 ,083031,Gallodoro,,5,Isole,Sicilia,Messina,-,0,ME,83031,83031,83031,83031,D885,381,ITG,ITG1,ITG13,ITG,ITG1,ITG13
19,283,083, 032 ,083032,Giardini-Naxos,,5,Isole,Sicilia,Messina,-,0,ME,83032,83032,83032,83032,E014,9.268,ITG,ITG1,ITG13,ITG,ITG1,ITG13
19,283,083, 033 ,083033,Gioiosa Marea,,5,Isole,Sicilia,Messina,-,0,ME,83033,83033,83033,83033,E043,7.114,ITG,ITG1,ITG13,ITG,ITG1,ITG13
19,283,083, 034 ,083034,Graniti,,5,Isole,Sicilia,Messina,-,0,ME,83034,83034,83034,83034,E142,1.522,ITG,ITG1,ITG13,ITG,ITG1,ITG13
19,283,083, 035 ,083035,Gualtieri Sicaminò,,5,Isole,Sicilia,Messina,-,0,ME,83035,83035,83035,83035,E233,1.834,ITG,ITG1,ITG13,ITG,ITG1,ITG13
19,283,083, 036 ,083036,Itala,,5,Isole,Sicilia,Messina,-,0,ME,83036,83036,83036,83036,E374,1.663,ITG,ITG1,ITG13,ITG,ITG1,ITG13
19,283,083, 037 ,083037,Leni,,5,Isole,Sicilia,Messina,-,0,ME,83037,83037,83037,83037,E523,702,ITG,ITG1,ITG13,ITG,ITG1,ITG13
19,283,083, 038 ,083038,Letojanni,,5,Isole,Sicilia,Messina,-,0,ME,83038,83038,83038,83038,E555,2.699,ITG,ITG1,ITG13,ITG,ITG1,ITG13
19,283,083, 039 ,083039,Librizzi,,5,Isole,Sicilia,Messina,-,0,ME,83039,83039,83039,83039,E571,1.771,ITG,ITG1,ITG13,ITG,ITG1,ITG13
19,283,083, 040 ,083040,Limina,,5,Isole,Sicilia,Messina,-,0,ME,83040,83040,83040,83040,E594,900,ITG,ITG1,ITG13,ITG,ITG1,ITG13
19,283,083, 041 ,083041,Lipari,,5,Isole,Sicilia,Messina,-,0,ME,83041,83041,83041,83041,E606,11.642,ITG,ITG1,ITG13,ITG,ITG1,ITG13
19,283,083, 042 ,083042,Longi,,5,Isole,Sicilia,Messina,-,0,ME,83042,83042,83042,83042,E674,1.562,ITG,ITG1,ITG13,ITG,ITG1,ITG13
19,283,083, 043 ,083043,Malfa,,5,Isole,Sicilia,Messina,-,0,ME,83043,83043,83043,83043,E855,988,ITG,ITG1,ITG13,ITG,ITG1,ITG13
19,283,083, 044 ,083044,Malvagna,,5,Isole,Sicilia,Messina,-,0,ME,83044,83044,83044,83044,E869,794,ITG,ITG1,ITG13,ITG,ITG1,ITG13
19,283,083, 045 ,083045,Mandanici,,5,Isole,Sicilia,Messina,-,0,ME,83045,83045,83045,83045,E876,629,ITG,ITG1,ITG13,ITG,ITG1,ITG13
19,283,083, 046 ,083046,Mazzarrà Sant'Andrea,,5,Isole,Sicilia,Messina,-,0,ME,83046,83046,83046,83046,F066,1.567,ITG,ITG1,ITG13,ITG,ITG1,ITG13
19,283,083, 047 ,083047,Merì,,5,Isole,Sicilia,Messina,-,0,ME,83047,83047,83047,83047,F147,2.396,ITG,ITG1,ITG13,ITG,ITG1,ITG13
19,283,083, 048 ,083048,Messina,,5,Isole,Sicilia,Messina,-,1,ME,83048,83048,83048,83048,F158,243.262,ITG,ITG1,ITG13,ITG,ITG1,ITG13
19,283,083, 049 ,083049,Milazzo,,5,Isole,Sicilia,Messina,-,0,ME,83049,83049,83049,83049,F206,32.146,ITG,ITG1,ITG13,ITG,ITG1,ITG13
19,283,083, 050 ,083050,Militello Rosmarino,,5,Isole,Sicilia,Messina,-,0,ME,83050,83050,83050,83050,F210,1.334,ITG,ITG1,ITG13,ITG,ITG1,ITG13
19,283,083, 051 ,083051,Mirto,,5,Isole,Sicilia,Messina,-,0,ME,83051,83051,83051,83051,F242,1.000,ITG,ITG1,ITG13,ITG,ITG1,ITG13
19,283,083, 052 ,083052,Mistretta,,5,Isole,Sicilia,Messina,-,0,ME,83052,83052,83052,83052,F251,5.014,ITG,ITG1,ITG13,ITG,ITG1,ITG13
19,283,083, 053 ,083053,Moio Alcantara,,5,Isole,Sicilia,Messina,-,0,ME,83053,83053,83053,83053,F277,756,ITG,ITG1,ITG13,ITG,ITG1,ITG13
19,283,083, 054 ,083054,Monforte San Giorgio,,5,Isole,Sicilia,Messina,-,0,ME,83054,83054,83054,83054,F359,2.880,ITG,ITG1,ITG13,ITG,ITG1,ITG13
19,283,083, 055 ,083055,Mongiuffi Melia,,5,Isole,Sicilia,Messina,-,0,ME,83055,83055,83055,83055,F368,653,ITG,ITG1,ITG13,ITG,ITG1,ITG13
19,283,083, 056 ,083056,Montagnareale,,5,Isole,Sicilia,Messina,-,0,ME,83056,83056,83056,83056,F395,1.631,ITG,ITG1,ITG13,ITG,ITG1,ITG13
19,283,083, 057 ,083057,Montalbano Elicona,,5,Isole,Sicilia,Messina,-,0,ME,83057,83057,83057,83057,F400,2.420,ITG,ITG1,ITG13,ITG,ITG1,ITG13
19,283,083, 058 ,083058,Motta Camastra,,5,Isole,Sicilia,Messina,-,0,ME,83058,83058,83058,83058,F772,882,ITG,ITG1,ITG13,ITG,ITG1,ITG13
19,283,083, 059 ,083059,Motta d'Affermo,,5,Isole,Sicilia,Messina,-,0,ME,83059,83059,83059,83059,F773,828,ITG,ITG1,ITG13,ITG,ITG1,ITG13
19,283,083, 060 ,083060,Naso,,5,Isole,Sicilia,Messina,-,0,ME,83060,83060,83060,83060,F848,4.015,ITG,ITG1,ITG13,ITG,ITG1,ITG13
19,283,083, 061 ,083061,Nizza di Sicilia,,5,Isole,Sicilia,Messina,-,0,ME,83061,83061,83061,83061,F901,3.723,ITG,ITG1,ITG13,ITG,ITG1,ITG13
19,283,083, 062 ,083062,Novara di Sicilia,,5,Isole,Sicilia,Messina,-,0,ME,83062,83062,83062,83062,F951,1.413,ITG,ITG1,ITG13,ITG,ITG1,ITG13
19,283,083, 063 ,083063,Oliveri,,5,Isole,Sicilia,Messina,-,0,ME,83063,83063,83063,83063,G036,2.157,ITG,ITG1,ITG13,ITG,ITG1,ITG13
19,283,083, 064 ,083064,Pace del Mela,,5,Isole,Sicilia,Messina,-,0,ME,83064,83064,83064,83064,G209,6.388,ITG,ITG1,ITG13,ITG,ITG1,ITG13
19,283,083, 065 ,083065,Pagliara,,5,Isole,Sicilia,Messina,-,0,ME,83065,83065,83065,83065,G234,1.230,ITG,ITG1,ITG13,ITG,ITG1,ITG13
19,283,083, 066 ,083066,Patti,,5,Isole,Sicilia,Messina,-,0,ME,83066,83066,83066,83066,G377,13.325,ITG,ITG1,ITG13,ITG,ITG1,ITG13
19,283,083, 067 ,083067,Pettineo,,5,Isole,Sicilia,Messina,-,0,ME,83067,83067,83067,83067,G522,1.433,ITG,ITG1,ITG13,ITG,ITG1,ITG13
19,283,083, 068 ,083068,Piraino,,5,Isole,Sicilia,Messina,-,0,ME,83068,83068,83068,83068,G699,3.964,ITG,ITG1,ITG13,ITG,ITG1,ITG13
19,283,083, 069 ,083069,Raccuja,,5,Isole,Sicilia,Messina,-,0,ME,83069,83069,83069,83069,H151,1.139,ITG,ITG1,ITG13,ITG,ITG1,ITG13
19,283,083, 070 ,083070,Reitano,,5,Isole,Sicilia,Messina,-,0,ME,83070,83070,83070,83070,H228,829,ITG,ITG1,ITG13,ITG,ITG1,ITG13
19,283,083, 071 ,083071,Roccafiorita,,5,Isole,Sicilia,Messina,-,0,ME,83071,83071,83071,83071,H405,228,ITG,ITG1,ITG13,ITG,ITG1,ITG13
19,283,083, 072 ,083072,Roccalumera,,5,Isole,Sicilia,Messina,-,0,ME,83072,83072,83072,83072,H418,4.105,ITG,ITG1,ITG13,ITG,ITG1,ITG13
19,283,083, 073 ,083073,Roccavaldina,,5,Isole,Sicilia,Messina,-,0,ME,83073,83073,83073,83073,H380,1.149,ITG,ITG1,ITG13,ITG,ITG1,ITG13
19,283,083, 074 ,083074,Roccella Valdemone,,5,Isole,Sicilia,Messina,-,0,ME,83074,83074,83074,83074,H455,711,ITG,ITG1,ITG13,ITG,ITG1,ITG13
19,283,083, 075 ,083075,Rodì Milici,,5,Isole,Sicilia,Messina,-,0,ME,83075,83075,83075,83075,H479,2.130,ITG,ITG1,ITG13,ITG,ITG1,ITG13
19,283,083, 076 ,083076,Rometta,,5,Isole,Sicilia,Messina,-,0,ME,83076,83076,83076,83076,H519,6.541,ITG,ITG1,ITG13,ITG,ITG1,ITG13
19,283,083, 077 ,083077,San Filippo del Mela,,5,Isole,Sicilia,Messina,-,0,ME,83077,83077,83077,83077,H842,7.065,ITG,ITG1,ITG13,ITG,ITG1,ITG13
19,283,083, 078 ,083078,San Fratello,,5,Isole,Sicilia,Messina,-,0,ME,83078,83078,83078,83078,H850,3.942,ITG,ITG1,ITG13,ITG,ITG1,ITG13
19,283,083, 079 ,083079,San Marco d'Alunzio,,5,Isole,Sicilia,Messina,-,0,ME,83079,83079,83079,83079,H982,2.083,ITG,ITG1,ITG13,ITG,ITG1,ITG13
19,283,083, 080 ,083080,San Pier Niceto,,5,Isole,Sicilia,Messina,-,0,ME,83080,83080,83080,83080,I084,2.911,ITG,ITG1,ITG13,ITG,ITG1,ITG13
19,283,083, 081 ,083081,San Piero Patti,,5,Isole,Sicilia,Messina,-,0,ME,83081,83081,83081,83081,I086,3.082,ITG,ITG1,ITG13,ITG,ITG1,ITG13
19,283,083, 082 ,083082,San Salvatore di Fitalia,,5,Isole,Sicilia,Messina,-,0,ME,83082,83082,83082,83082,I147,1.378,ITG,ITG1,ITG13,ITG,ITG1,ITG13
19,283,083, 083 ,083083,Santa Domenica Vittoria,,5,Isole,Sicilia,Messina,-,0,ME,83083,83083,83083,83083,I184,1.067,ITG,ITG1,ITG13,ITG,ITG1,ITG13
19,283,083, 084 ,083084,Sant'Agata di Militello,,5,Isole,Sicilia,Messina,-,0,ME,83084,83084,83084,83084,I199,12.803,ITG,ITG1,ITG13,ITG,ITG1,ITG13
19,283,083, 085 ,083085,Sant'Alessio Siculo,,5,Isole,Sicilia,Messina,-,0,ME,83085,83085,83085,83085,I215,1.497,ITG,ITG1,ITG13,ITG,ITG1,ITG13
19,283,083, 086 ,083086,Santa Lucia del Mela,,5,Isole,Sicilia,Messina,-,0,ME,83086,83086,83086,83086,I220,4.744,ITG,ITG1,ITG13,ITG,ITG1,ITG13
19,283,083, 087 ,083087,Santa Marina Salina,,5,Isole,Sicilia,Messina,-,0,ME,83087,83087,83087,83087,I254,892,ITG,ITG1,ITG13,ITG,ITG1,ITG13
19,283,083, 088 ,083088,Sant'Angelo di Brolo,,5,Isole,Sicilia,Messina,-,0,ME,83088,83088,83088,83088,I283,3.297,ITG,ITG1,ITG13,ITG,ITG1,ITG13
19,283,083, 089 ,083089,Santa Teresa di Riva,,5,Isole,Sicilia,Messina,-,0,ME,83089,83089,83089,83089,I311,9.240,ITG,ITG1,ITG13,ITG,ITG1,ITG13
19,283,083, 090 ,083090,San Teodoro,,5,Isole,Sicilia,Messina,-,0,ME,83090,83090,83090,83090,I328,1.421,ITG,ITG1,ITG13,ITG,ITG1,ITG13
19,283,083, 091 ,083091,Santo Stefano di Camastra,,5,Isole,Sicilia,Messina,-,0,ME,83091,83091,83091,83091,I370,4.674,ITG,ITG1,ITG13,ITG,ITG1,ITG13
19,283,083, 092 ,083092,Saponara,,5,Isole,Sicilia,Messina,-,0,ME,83092,83092,83092,83092,I420,4.078,ITG,ITG1,ITG13,ITG,ITG1,ITG13
19,283,083, 093 ,083093,Savoca,,5,Isole,Sicilia,Messina,-,0,ME,83093,83093,83093,83093,I477,1.766,ITG,ITG1,ITG13,ITG,ITG1,ITG13
19,283,083, 094 ,083094,Scaletta Zanclea,,5,Isole,Sicilia,Messina,-,0,ME,83094,83094,83094,83094,I492,2.249,ITG,ITG1,ITG13,ITG,ITG1,ITG13
19,283,083, 095 ,083095,Sinagra,,5,Isole,Sicilia,Messina,-,0,ME,83095,83095,83095,83095,I747,2.760,ITG,ITG1,ITG13,ITG,ITG1,ITG13
19,283,083, 096 ,083096,Spadafora,,5,Isole,Sicilia,Messina,-,0,ME,83096,83096,83096,83096,I881,5.091,ITG,ITG1,ITG13,ITG,ITG1,ITG13
19,283,083, 097 ,083097,Taormina,,5,Isole,Sicilia,Messina,-,0,ME,83097,83097,83097,83097,L042,11.084,ITG,ITG1,ITG13,ITG,ITG1,ITG13
19,283,083, 098 ,083098,Torregrotta,,5,Isole,Sicilia,Messina,-,0,ME,83098,83098,83098,83098,L271,7.426,ITG,ITG1,ITG13,ITG,ITG1,ITG13
19,283,083, 099 ,083099,Tortorici,,5,Isole,Sicilia,Messina,-,0,ME,83099,83099,83099,83099,L308,6.732,ITG,ITG1,ITG13,ITG,ITG1,ITG13
19,283,083, 100 ,083100,Tripi,,5,Isole,Sicilia,Messina,-,0,ME,83100,83100,83100,83100,L431,933,ITG,ITG1,ITG13,ITG,ITG1,ITG13
19,283,083, 101 ,083101,Tusa,,5,Isole,Sicilia,Messina,-,0,ME,83101,83101,83101,83101,L478,3.051,ITG,ITG1,ITG13,ITG,ITG1,ITG13
19,283,083, 102 ,083102,Ucria,,5,Isole,Sicilia,Messina,-,0,ME,83102,83102,83102,83102,L482,1.105,ITG,ITG1,ITG13,ITG,ITG1,ITG13
19,283,083, 103 ,083103,Valdina,,5,Isole,Sicilia,Messina,-,0,ME,83103,83103,83103,83103,L561,1.352,ITG,ITG1,ITG13,ITG,ITG1,ITG13
19,283,083, 104 ,083104,Venetico,,5,Isole,Sicilia,Messina,-,0,ME,83104,83104,83104,83104,L735,3.855,ITG,ITG1,ITG13,ITG,ITG1,ITG13
19,283,083, 105 ,083105,Villafranca Tirrena,,5,Isole,Sicilia,Messina,-,0,ME,83105,83105,83105,83105,L950,8.748,ITG,ITG1,ITG13,ITG,ITG1,ITG13
19,283,083, 106 ,083106,Terme Vigliatore,,5,Isole,Sicilia,Messina,-,0,ME,83106,83106,83106,83106,M210,7.213,ITG,ITG1,ITG13,ITG,ITG1,ITG13
19,283,083, 107 ,083107,Acquedolci,,5,Isole,Sicilia,Messina,-,0,ME,83107,83107,83107,83107,M211,5.744,ITG,ITG1,ITG13,ITG,ITG1,ITG13
19,283,083, 108 ,083108,Torrenova,,5,Isole,Sicilia,Messina,-,0,ME,83108,83108,83108,83108,M286,4.240,ITG,ITG1,ITG13,ITG,ITG1,ITG13
19,-,084, 001 ,084001,Agrigento,,5,Isole,Sicilia,-,Agrigento,1,AG,84001,84001,84001,84001,A089,58.323,ITG,ITG1,ITG14,ITG,ITG1,ITG14
19,-,084, 002 ,084002,Alessandria della Rocca,,5,Isole,Sicilia,-,Agrigento,0,AG,84002,84002,84002,84002,A181,3.118,ITG,ITG1,ITG14,ITG,ITG1,ITG14
19,-,084, 003 ,084003,Aragona,,5,Isole,Sicilia,-,Agrigento,0,AG,84003,84003,84003,84003,A351,9.493,ITG,ITG1,ITG14,ITG,ITG1,ITG14
19,-,084, 004 ,084004,Bivona,,5,Isole,Sicilia,-,Agrigento,0,AG,84004,84004,84004,84004,A896,3.882,ITG,ITG1,ITG14,ITG,ITG1,ITG14
19,-,084, 005 ,084005,Burgio,,5,Isole,Sicilia,-,Agrigento,0,AG,84005,84005,84005,84005,B275,2.780,ITG,ITG1,ITG14,ITG,ITG1,ITG14
19,-,084, 006 ,084006,Calamonaci,,5,Isole,Sicilia,-,Agrigento,0,AG,84006,84006,84006,84006,B377,1.375,ITG,ITG1,ITG14,ITG,ITG1,ITG14
19,-,084, 007 ,084007,Caltabellotta,,5,Isole,Sicilia,-,Agrigento,0,AG,84007,84007,84007,84007,B427,3.907,ITG,ITG1,ITG14,ITG,ITG1,ITG14
19,-,084, 008 ,084008,Camastra,,5,Isole,Sicilia,-,Agrigento,0,AG,84008,84008,84008,84008,B460,2.163,ITG,ITG1,ITG14,ITG,ITG1,ITG14
19,-,084, 009 ,084009,Cammarata,,5,Isole,Sicilia,-,Agrigento,0,AG,84009,84009,84009,84009,B486,6.275,ITG,ITG1,ITG14,ITG,ITG1,ITG14
19,-,084, 010 ,084010,Campobello di Licata,,5,Isole,Sicilia,-,Agrigento,0,AG,84010,84010,84010,84010,B520,10.438,ITG,ITG1,ITG14,ITG,ITG1,ITG14
19,-,084, 011 ,084011,Canicattì,,5,Isole,Sicilia,-,Agrigento,0,AG,84011,84011,84011,84011,B602,34.863,ITG,ITG1,ITG14,ITG,ITG1,ITG14
19,-,084, 012 ,084012,Casteltermini,,5,Isole,Sicilia,-,Agrigento,0,AG,84012,84012,84012,84012,C275,8.422,ITG,ITG1,ITG14,ITG,ITG1,ITG14
19,-,084, 013 ,084013,Castrofilippo,,5,Isole,Sicilia,-,Agrigento,0,AG,84013,84013,84013,84013,C341,3.020,ITG,ITG1,ITG14,ITG,ITG1,ITG14
19,-,084, 014 ,084014,Cattolica Eraclea,,5,Isole,Sicilia,-,Agrigento,0,AG,84014,84014,84014,84014,C356,3.975,ITG,ITG1,ITG14,ITG,ITG1,ITG14
19,-,084, 015 ,084015,Cianciana,,5,Isole,Sicilia,-,Agrigento,0,AG,84015,84015,84015,84015,C668,3.517,ITG,ITG1,ITG14,ITG,ITG1,ITG14
19,-,084, 016 ,084016,Comitini,,5,Isole,Sicilia,-,Agrigento,0,AG,84016,84016,84016,84016,C928,944,ITG,ITG1,ITG14,ITG,ITG1,ITG14
19,-,084, 017 ,084017,Favara,,5,Isole,Sicilia,-,Agrigento,0,AG,84017,84017,84017,84017,D514,32.972,ITG,ITG1,ITG14,ITG,ITG1,ITG14
19,-,084, 018 ,084018,Grotte,,5,Isole,Sicilia,-,Agrigento,0,AG,84018,84018,84018,84018,E209,5.839,ITG,ITG1,ITG14,ITG,ITG1,ITG14
19,-,084, 019 ,084019,Joppolo Giancaxio,,5,Isole,Sicilia,-,Agrigento,0,AG,84019,84019,84019,84019,E390,1.210,ITG,ITG1,ITG14,ITG,ITG1,ITG14
19,-,084, 020 ,084020,Lampedusa e Linosa,,5,Isole,Sicilia,-,Agrigento,0,AG,84020,84020,84020,84020,E431,6.105,ITG,ITG1,ITG14,ITG,ITG1,ITG14
19,-,084, 021 ,084021,Licata,,5,Isole,Sicilia,-,Agrigento,0,AG,84021,84021,84021,84021,E573,38.125,ITG,ITG1,ITG14,ITG,ITG1,ITG14
19,-,084, 022 ,084022,Lucca Sicula,,5,Isole,Sicilia,-,Agrigento,0,AG,84022,84022,84022,84022,E714,1.917,ITG,ITG1,ITG14,ITG,ITG1,ITG14
19,-,084, 023 ,084023,Menfi,,5,Isole,Sicilia,-,Agrigento,0,AG,84023,84023,84023,84023,F126,12.711,ITG,ITG1,ITG14,ITG,ITG1,ITG14
19,-,084, 024 ,084024,Montallegro,,5,Isole,Sicilia,-,Agrigento,0,AG,84024,84024,84024,84024,F414,2.543,ITG,ITG1,ITG14,ITG,ITG1,ITG14
19,-,084, 025 ,084025,Montevago,,5,Isole,Sicilia,-,Agrigento,0,AG,84025,84025,84025,84025,F655,3.015,ITG,ITG1,ITG14,ITG,ITG1,ITG14
19,-,084, 026 ,084026,Naro,,5,Isole,Sicilia,-,Agrigento,0,AG,84026,84026,84026,84026,F845,8.103,ITG,ITG1,ITG14,ITG,ITG1,ITG14
19,-,084, 027 ,084027,Palma di Montechiaro,,5,Isole,Sicilia,-,Agrigento,0,AG,84027,84027,84027,84027,G282,23.643,ITG,ITG1,ITG14,ITG,ITG1,ITG14
19,-,084, 028 ,084028,Porto Empedocle,,5,Isole,Sicilia,-,Agrigento,0,AG,84028,84028,84028,84028,F299,16.841,ITG,ITG1,ITG14,ITG,ITG1,ITG14
19,-,084, 029 ,084029,Racalmuto,,5,Isole,Sicilia,-,Agrigento,0,AG,84029,84029,84029,84029,H148,8.345,ITG,ITG1,ITG14,ITG,ITG1,ITG14
19,-,084, 030 ,084030,Raffadali,,5,Isole,Sicilia,-,Agrigento,0,AG,84030,84030,84030,84030,H159,12.837,ITG,ITG1,ITG14,ITG,ITG1,ITG14
19,-,084, 031 ,084031,Ravanusa,,5,Isole,Sicilia,-,Agrigento,0,AG,84031,84031,84031,84031,H194,12.128,ITG,ITG1,ITG14,ITG,ITG1,ITG14
19,-,084, 032 ,084032,Realmonte,,5,Isole,Sicilia,-,Agrigento,0,AG,84032,84032,84032,84032,H205,4.487,ITG,ITG1,ITG14,ITG,ITG1,ITG14
19,-,084, 033 ,084033,Ribera,,5,Isole,Sicilia,-,Agrigento,0,AG,84033,84033,84033,84033,H269,19.302,ITG,ITG1,ITG14,ITG,ITG1,ITG14
19,-,084, 034 ,084034,Sambuca di Sicilia,,5,Isole,Sicilia,-,Agrigento,0,AG,84034,84034,84034,84034,H743,6.114,ITG,ITG1,ITG14,ITG,ITG1,ITG14
19,-,084, 035 ,084035,San Biagio Platani,,5,Isole,Sicilia,-,Agrigento,0,AG,84035,84035,84035,84035,H778,3.501,ITG,ITG1,ITG14,ITG,ITG1,ITG14
19,-,084, 036 ,084036,San Giovanni Gemini,,5,Isole,Sicilia,-,Agrigento,0,AG,84036,84036,84036,84036,H914,8.127,ITG,ITG1,ITG14,ITG,ITG1,ITG14
19,-,084, 037 ,084037,Santa Elisabetta,,5,Isole,Sicilia,-,Agrigento,0,AG,84037,84037,84037,84037,I185,2.608,ITG,ITG1,ITG14,ITG,ITG1,ITG14
19,-,084, 038 ,084038,Santa Margherita di Belice,,5,Isole,Sicilia,-,Agrigento,0,AG,84038,84038,84038,84038,I224,6.544,ITG,ITG1,ITG14,ITG,ITG1,ITG14
19,-,084, 039 ,084039,Sant'Angelo Muxaro,,5,Isole,Sicilia,-,Agrigento,0,AG,84039,84039,84039,84039,I290,1.471,ITG,ITG1,ITG14,ITG,ITG1,ITG14
19,-,084, 040 ,084040,Santo Stefano Quisquina,,5,Isole,Sicilia,-,Agrigento,0,AG,84040,84040,84040,84040,I356,4.897,ITG,ITG1,ITG14,ITG,ITG1,ITG14
19,-,084, 041 ,084041,Sciacca,,5,Isole,Sicilia,-,Agrigento,0,AG,84041,84041,84041,84041,I533,40.899,ITG,ITG1,ITG14,ITG,ITG1,ITG14
19,-,084, 042 ,084042,Siculiana,,5,Isole,Sicilia,-,Agrigento,0,AG,84042,84042,84042,84042,I723,4.632,ITG,ITG1,ITG14,ITG,ITG1,ITG14
19,-,084, 043 ,084043,Villafranca Sicula,,5,Isole,Sicilia,-,Agrigento,0,AG,84043,84043,84043,84043,L944,1.426,ITG,ITG1,ITG14,ITG,ITG1,ITG14
19,-,085, 001 ,085001,Acquaviva Platani,,5,Isole,Sicilia,-,Caltanissetta,0,CL,85001,85001,85001,85001,A049,1.041,ITG,ITG1,ITG15,ITG,ITG1,ITG15
19,-,085, 002 ,085002,Bompensiere,,5,Isole,Sicilia,-,Caltanissetta,0,CL,85002,85002,85002,85002,A957,610,ITG,ITG1,ITG15,ITG,ITG1,ITG15
19,-,085, 003 ,085003,Butera,,5,Isole,Sicilia,-,Caltanissetta,0,CL,85003,85003,85003,85003,B302,4.937,ITG,ITG1,ITG15,ITG,ITG1,ITG15
19,-,085, 004 ,085004,Caltanissetta,,5,Isole,Sicilia,-,Caltanissetta,1,CL,85004,85004,85004,85004,B429,61.711,ITG,ITG1,ITG15,ITG,ITG1,ITG15
19,-,085, 005 ,085005,Campofranco,,5,Isole,Sicilia,-,Caltanissetta,0,CL,85005,85005,85005,85005,B537,3.218,ITG,ITG1,ITG15,ITG,ITG1,ITG15
19,-,085, 006 ,085006,Delia,,5,Isole,Sicilia,-,Caltanissetta,0,CL,85006,85006,85006,85006,D267,4.325,ITG,ITG1,ITG15,ITG,ITG1,ITG15
19,-,085, 007 ,085007,Gela,,5,Isole,Sicilia,-,Caltanissetta,0,CL,85007,85007,85007,85007,D960,75.668,ITG,ITG1,ITG15,ITG,ITG1,ITG15
19,-,085, 008 ,085008,Marianopoli,,5,Isole,Sicilia,-,Caltanissetta,0,CL,85008,85008,85008,85008,E953,2.006,ITG,ITG1,ITG15,ITG,ITG1,ITG15
19,-,085, 009 ,085009,Mazzarino,,5,Isole,Sicilia,-,Caltanissetta,0,CL,85009,85009,85009,85009,F065,12.333,ITG,ITG1,ITG15,ITG,ITG1,ITG15
19,-,085, 010 ,085010,Milena,,5,Isole,Sicilia,-,Caltanissetta,0,CL,85010,85010,85010,85010,E618,3.178,ITG,ITG1,ITG15,ITG,ITG1,ITG15
19,-,085, 011 ,085011,Montedoro,,5,Isole,Sicilia,-,Caltanissetta,0,CL,85011,85011,85011,85011,F489,1.643,ITG,ITG1,ITG15,ITG,ITG1,ITG15
19,-,085, 012 ,085012,Mussomeli,,5,Isole,Sicilia,-,Caltanissetta,0,CL,85012,85012,85012,85012,F830,11.010,ITG,ITG1,ITG15,ITG,ITG1,ITG15
19,-,085, 013 ,085013,Niscemi,,5,Isole,Sicilia,-,Caltanissetta,0,CL,85013,85013,85013,85013,F899,27.975,ITG,ITG1,ITG15,ITG,ITG1,ITG15
19,-,085, 014 ,085014,Resuttano,,5,Isole,Sicilia,-,Caltanissetta,0,CL,85014,85014,85014,85014,H245,2.139,ITG,ITG1,ITG15,ITG,ITG1,ITG15
19,-,085, 015 ,085015,Riesi,,5,Isole,Sicilia,-,Caltanissetta,0,CL,85015,85015,85015,85015,H281,11.814,ITG,ITG1,ITG15,ITG,ITG1,ITG15
19,-,085, 016 ,085016,San Cataldo,,5,Isole,Sicilia,-,Caltanissetta,0,CL,85016,85016,85016,85016,H792,23.424,ITG,ITG1,ITG15,ITG,ITG1,ITG15
19,-,085, 017 ,085017,Santa Caterina Villarmosa,,5,Isole,Sicilia,-,Caltanissetta,0,CL,85017,85017,85017,85017,I169,5.727,ITG,ITG1,ITG15,ITG,ITG1,ITG15
19,-,085, 018 ,085018,Serradifalco,,5,Isole,Sicilia,-,Caltanissetta,0,CL,85018,85018,85018,85018,I644,6.265,ITG,ITG1,ITG15,ITG,ITG1,ITG15
19,-,085, 019 ,085019,Sommatino,,5,Isole,Sicilia,-,Caltanissetta,0,CL,85019,85019,85019,85019,I824,7.267,ITG,ITG1,ITG15,ITG,ITG1,ITG15
19,-,085, 020 ,085020,Sutera,,5,Isole,Sicilia,-,Caltanissetta,0,CL,85020,85020,85020,85020,L016,1.436,ITG,ITG1,ITG15,ITG,ITG1,ITG15
19,-,085, 021 ,085021,Vallelunga Pratameno,,5,Isole,Sicilia,-,Caltanissetta,0,CL,85021,85021,85021,85021,L609,3.641,ITG,ITG1,ITG15,ITG,ITG1,ITG15
19,-,085, 022 ,085022,Villalba,,5,Isole,Sicilia,-,Caltanissetta,0,CL,85022,85022,85022,85022,L959,1.731,ITG,ITG1,ITG15,ITG,ITG1,ITG15
19,-,086, 001 ,086001,Agira,,5,Isole,Sicilia,-,Enna,0,EN,86001,86001,86001,86001,A070,8.484,ITG,ITG1,ITG16,ITG,ITG1,ITG16
19,-,086, 002 ,086002,Aidone,,5,Isole,Sicilia,-,Enna,0,EN,86002,86002,86002,86002,A098,4.929,ITG,ITG1,ITG16,ITG,ITG1,ITG16
19,-,086, 003 ,086003,Assoro,,5,Isole,Sicilia,-,Enna,0,EN,86003,86003,86003,86003,A478,5.366,ITG,ITG1,ITG16,ITG,ITG1,ITG16
19,-,086, 004 ,086004,Barrafranca,,5,Isole,Sicilia,-,Enna,0,EN,86004,86004,86004,86004,A676,13.977,ITG,ITG1,ITG16,ITG,ITG1,ITG16
19,-,086, 005 ,086005,Calascibetta,,5,Isole,Sicilia,-,Enna,0,EN,86005,86005,86005,86005,B381,4.628,ITG,ITG1,ITG16,ITG,ITG1,ITG16
19,-,086, 006 ,086006,Catenanuova,,5,Isole,Sicilia,-,Enna,0,EN,86006,86006,86006,86006,C353,4.999,ITG,ITG1,ITG16,ITG,ITG1,ITG16
19,-,086, 007 ,086007,Centuripe,,5,Isole,Sicilia,-,Enna,0,EN,86007,86007,86007,86007,C471,5.599,ITG,ITG1,ITG16,ITG,ITG1,ITG16
19,-,086, 008 ,086008,Cerami,,5,Isole,Sicilia,-,Enna,0,EN,86008,86008,86008,86008,C480,2.150,ITG,ITG1,ITG16,ITG,ITG1,ITG16
19,-,086, 009 ,086009,Enna,,5,Isole,Sicilia,-,Enna,1,EN,86009,86009,86009,86009,C342,27.894,ITG,ITG1,ITG16,ITG,ITG1,ITG16
19,-,086, 010 ,086010,Gagliano Castelferrato,,5,Isole,Sicilia,-,Enna,0,EN,86010,86010,86010,86010,D849,3.722,ITG,ITG1,ITG16,ITG,ITG1,ITG16
19,-,086, 011 ,086011,Leonforte,,5,Isole,Sicilia,-,Enna,0,EN,86011,86011,86011,86011,E536,13.878,ITG,ITG1,ITG16,ITG,ITG1,ITG16
19,-,086, 012 ,086012,Nicosia,,5,Isole,Sicilia,-,Enna,0,EN,86012,86012,86012,86012,F892,14.272,ITG,ITG1,ITG16,ITG,ITG1,ITG16
19,-,086, 013 ,086013,Nissoria,,5,Isole,Sicilia,-,Enna,0,EN,86013,86013,86013,86013,F900,2.969,ITG,ITG1,ITG16,ITG,ITG1,ITG16
19,-,086, 014 ,086014,Piazza Armerina,,5,Isole,Sicilia,-,Enna,0,EN,86014,86014,86014,86014,G580,22.196,ITG,ITG1,ITG16,ITG,ITG1,ITG16
19,-,086, 015 ,086015,Pietraperzia,,5,Isole,Sicilia,-,Enna,0,EN,86015,86015,86015,86015,G624,7.227,ITG,ITG1,ITG16,ITG,ITG1,ITG16
19,-,086, 016 ,086016,Regalbuto,,5,Isole,Sicilia,-,Enna,0,EN,86016,86016,86016,86016,H221,7.388,ITG,ITG1,ITG16,ITG,ITG1,ITG16
19,-,086, 017 ,086017,Sperlinga,,5,Isole,Sicilia,-,Enna,0,EN,86017,86017,86017,86017,I891,833,ITG,ITG1,ITG16,ITG,ITG1,ITG16
19,-,086, 018 ,086018,Troina,,5,Isole,Sicilia,-,Enna,0,EN,86018,86018,86018,86018,L448,9.628,ITG,ITG1,ITG16,ITG,ITG1,ITG16
19,-,086, 019 ,086019,Valguarnera Caropepe,,5,Isole,Sicilia,-,Enna,0,EN,86019,86019,86019,86019,L583,8.182,ITG,ITG1,ITG16,ITG,ITG1,ITG16
19,-,086, 020 ,086020,Villarosa,,5,Isole,Sicilia,-,Enna,0,EN,86020,86020,86020,86020,M011,5.130,ITG,ITG1,ITG16,ITG,ITG1,ITG16
19,287,087, 001 ,087001,Aci Bonaccorsi,,5,Isole,Sicilia,Catania,-,0,CT,87001,87001,87001,87001,A025,3.200,ITG,ITG1,ITG17,ITG,ITG1,ITG17
19,287,087, 002 ,087002,Aci Castello,,5,Isole,Sicilia,Catania,-,0,CT,87002,87002,87002,87002,A026,18.122,ITG,ITG1,ITG17,ITG,ITG1,ITG17
19,287,087, 003 ,087003,Aci Catena,,5,Isole,Sicilia,Catania,-,0,CT,87003,87003,87003,87003,A027,28.749,ITG,ITG1,ITG17,ITG,ITG1,ITG17
19,287,087, 004 ,087004,Acireale,,5,Isole,Sicilia,Catania,-,0,CT,87004,87004,87004,87004,A028,51.456,ITG,ITG1,ITG17,ITG,ITG1,ITG17
19,287,087, 005 ,087005,Aci Sant'Antonio,,5,Isole,Sicilia,Catania,-,0,CT,87005,87005,87005,87005,A029,17.270,ITG,ITG1,ITG17,ITG,ITG1,ITG17
19,287,087, 006 ,087006,Adrano,,5,Isole,Sicilia,Catania,-,0,CT,87006,87006,87006,87006,A056,35.549,ITG,ITG1,ITG17,ITG,ITG1,ITG17
19,287,087, 007 ,087007,Belpasso,,5,Isole,Sicilia,Catania,-,0,CT,87007,87007,87007,87007,A766,26.378,ITG,ITG1,ITG17,ITG,ITG1,ITG17
19,287,087, 008 ,087008,Biancavilla,,5,Isole,Sicilia,Catania,-,0,CT,87008,87008,87008,87008,A841,23.703,ITG,ITG1,ITG17,ITG,ITG1,ITG17
19,287,087, 009 ,087009,Bronte,,5,Isole,Sicilia,Catania,-,0,CT,87009,87009,87009,87009,B202,19.234,ITG,ITG1,ITG17,ITG,ITG1,ITG17
19,287,087, 010 ,087010,Calatabiano,,5,Isole,Sicilia,Catania,-,0,CT,87010,87010,87010,87010,B384,5.383,ITG,ITG1,ITG17,ITG,ITG1,ITG17
19,287,087, 011 ,087011,Caltagirone,,5,Isole,Sicilia,Catania,-,0,CT,87011,87011,87011,87011,B428,38.123,ITG,ITG1,ITG17,ITG,ITG1,ITG17
19,287,087, 012 ,087012,Camporotondo Etneo,,5,Isole,Sicilia,Catania,-,0,CT,87012,87012,87012,87012,B561,4.476,ITG,ITG1,ITG17,ITG,ITG1,ITG17
19,287,087, 013 ,087013,Castel di Iudica,,5,Isole,Sicilia,Catania,-,0,CT,87013,87013,87013,87013,C091,4.748,ITG,ITG1,ITG17,ITG,ITG1,ITG17
19,287,087, 014 ,087014,Castiglione di Sicilia,,5,Isole,Sicilia,Catania,-,0,CT,87014,87014,87014,87014,C297,3.298,ITG,ITG1,ITG17,ITG,ITG1,ITG17
19,287,087, 015 ,087015,Catania,,5,Isole,Sicilia,Catania,-,1,CT,87015,87015,87015,87015,C351,293.902,ITG,ITG1,ITG17,ITG,ITG1,ITG17
19,287,087, 016 ,087016,Fiumefreddo di Sicilia,,5,Isole,Sicilia,Catania,-,0,CT,87016,87016,87016,87016,D623,9.690,ITG,ITG1,ITG17,ITG,ITG1,ITG17
19,287,087, 017 ,087017,Giarre,,5,Isole,Sicilia,Catania,-,0,CT,87017,87017,87017,87017,E017,28.114,ITG,ITG1,ITG17,ITG,ITG1,ITG17
19,287,087, 018 ,087018,Grammichele,,5,Isole,Sicilia,Catania,-,0,CT,87018,87018,87018,87018,E133,13.064,ITG,ITG1,ITG17,ITG,ITG1,ITG17
19,287,087, 019 ,087019,Gravina di Catania,,5,Isole,Sicilia,Catania,-,0,CT,87019,87019,87019,87019,E156,26.543,ITG,ITG1,ITG17,ITG,ITG1,ITG17
19,287,087, 020 ,087020,Licodia Eubea,,5,Isole,Sicilia,Catania,-,0,CT,87020,87020,87020,87020,E578,3.047,ITG,ITG1,ITG17,ITG,ITG1,ITG17
19,287,087, 021 ,087021,Linguaglossa,,5,Isole,Sicilia,Catania,-,0,CT,87021,87021,87021,87021,E602,5.416,ITG,ITG1,ITG17,ITG,ITG1,ITG17
19,287,087, 022 ,087022,Maletto,,5,Isole,Sicilia,Catania,-,0,CT,87022,87022,87022,87022,E854,4.015,ITG,ITG1,ITG17,ITG,ITG1,ITG17
19,287,087, 023 ,087023,Mascali,,5,Isole,Sicilia,Catania,-,0,CT,87023,87023,87023,87023,F004,13.792,ITG,ITG1,ITG17,ITG,ITG1,ITG17
19,287,087, 024 ,087024,Mascalucia,,5,Isole,Sicilia,Catania,-,0,CT,87024,87024,87024,87024,F005,29.984,ITG,ITG1,ITG17,ITG,ITG1,ITG17
19,287,087, 025 ,087025,Militello in Val di Catania,,5,Isole,Sicilia,Catania,-,0,CT,87025,87025,87025,87025,F209,7.807,ITG,ITG1,ITG17,ITG,ITG1,ITG17
19,287,087, 026 ,087026,Milo,,5,Isole,Sicilia,Catania,-,0,CT,87026,87026,87026,87026,F214,1.065,ITG,ITG1,ITG17,ITG,ITG1,ITG17
19,287,087, 027 ,087027,Mineo,,5,Isole,Sicilia,Catania,-,0,CT,87027,87027,87027,87027,F217,5.216,ITG,ITG1,ITG17,ITG,ITG1,ITG17
19,287,087, 028 ,087028,Mirabella Imbaccari,,5,Isole,Sicilia,Catania,-,0,CT,87028,87028,87028,87028,F231,5.191,ITG,ITG1,ITG17,ITG,ITG1,ITG17
19,287,087, 029 ,087029,Misterbianco,,5,Isole,Sicilia,Catania,-,0,CT,87029,87029,87029,87029,F250,47.356,ITG,ITG1,ITG17,ITG,ITG1,ITG17
19,287,087, 030 ,087030,Motta Sant'Anastasia,,5,Isole,Sicilia,Catania,-,0,CT,87030,87030,87030,87030,F781,11.394,ITG,ITG1,ITG17,ITG,ITG1,ITG17
19,287,087, 031 ,087031,Nicolosi,,5,Isole,Sicilia,Catania,-,0,CT,87031,87031,87031,87031,F890,7.156,ITG,ITG1,ITG17,ITG,ITG1,ITG17
19,287,087, 032 ,087032,Palagonia,,5,Isole,Sicilia,Catania,-,0,CT,87032,87032,87032,87032,G253,16.540,ITG,ITG1,ITG17,ITG,ITG1,ITG17
19,287,087, 033 ,087033,Paternò,,5,Isole,Sicilia,Catania,-,0,CT,87033,87033,87033,87033,G371,47.870,ITG,ITG1,ITG17,ITG,ITG1,ITG17
19,287,087, 034 ,087034,Pedara,,5,Isole,Sicilia,Catania,-,0,CT,87034,87034,87034,87034,G402,12.896,ITG,ITG1,ITG17,ITG,ITG1,ITG17
19,287,087, 035 ,087035,Piedimonte Etneo,,5,Isole,Sicilia,Catania,-,0,CT,87035,87035,87035,87035,G597,4.079,ITG,ITG1,ITG17,ITG,ITG1,ITG17
19,287,087, 036 ,087036,Raddusa,,5,Isole,Sicilia,Catania,-,0,CT,87036,87036,87036,87036,H154,3.280,ITG,ITG1,ITG17,ITG,ITG1,ITG17
19,287,087, 037 ,087037,Ramacca,,5,Isole,Sicilia,Catania,-,0,CT,87037,87037,87037,87037,H168,10.775,ITG,ITG1,ITG17,ITG,ITG1,ITG17
19,287,087, 038 ,087038,Randazzo,,5,Isole,Sicilia,Catania,-,0,CT,87038,87038,87038,87038,H175,11.108,ITG,ITG1,ITG17,ITG,ITG1,ITG17
19,287,087, 039 ,087039,Riposto,,5,Isole,Sicilia,Catania,-,0,CT,87039,87039,87039,87039,H325,14.181,ITG,ITG1,ITG17,ITG,ITG1,ITG17
19,287,087, 040 ,087040,San Cono,,5,Isole,Sicilia,Catania,-,0,CT,87040,87040,87040,87040,H805,2.790,ITG,ITG1,ITG17,ITG,ITG1,ITG17
19,287,087, 041 ,087041,San Giovanni la Punta,,5,Isole,Sicilia,Catania,-,0,CT,87041,87041,87041,87041,H922,22.049,ITG,ITG1,ITG17,ITG,ITG1,ITG17
19,287,087, 042 ,087042,San Gregorio di Catania,,5,Isole,Sicilia,Catania,-,0,CT,87042,87042,87042,87042,H940,11.497,ITG,ITG1,ITG17,ITG,ITG1,ITG17
19,287,087, 043 ,087043,San Michele di Ganzaria,,5,Isole,Sicilia,Catania,-,0,CT,87043,87043,87043,87043,I035,3.463,ITG,ITG1,ITG17,ITG,ITG1,ITG17
19,287,087, 044 ,087044,San Pietro Clarenza,,5,Isole,Sicilia,Catania,-,0,CT,87044,87044,87044,87044,I098,7.102,ITG,ITG1,ITG17,ITG,ITG1,ITG17
19,287,087, 045 ,087045,Sant'Agata li Battiati,,5,Isole,Sicilia,Catania,-,0,CT,87045,87045,87045,87045,I202,9.829,ITG,ITG1,ITG17,ITG,ITG1,ITG17
19,287,087, 046 ,087046,Sant'Alfio,,5,Isole,Sicilia,Catania,-,0,CT,87046,87046,87046,87046,I216,1.631,ITG,ITG1,ITG17,ITG,ITG1,ITG17
19,287,087, 047 ,087047,Santa Maria di Licodia,,5,Isole,Sicilia,Catania,-,0,CT,87047,87047,87047,87047,I240,7.322,ITG,ITG1,ITG17,ITG,ITG1,ITG17
19,287,087, 048 ,087048,Santa Venerina,,5,Isole,Sicilia,Catania,-,0,CT,87048,87048,87048,87048,I314,8.351,ITG,ITG1,ITG17,ITG,ITG1,ITG17
19,287,087, 049 ,087049,Scordia,,5,Isole,Sicilia,Catania,-,0,CT,87049,87049,87049,87049,I548,17.185,ITG,ITG1,ITG17,ITG,ITG1,ITG17
19,287,087, 050 ,087050,Trecastagni,,5,Isole,Sicilia,Catania,-,0,CT,87050,87050,87050,87050,L355,10.482,ITG,ITG1,ITG17,ITG,ITG1,ITG17
19,287,087, 051 ,087051,Tremestieri Etneo,,5,Isole,Sicilia,Catania,-,0,CT,87051,87051,87051,87051,L369,21.032,ITG,ITG1,ITG17,ITG,ITG1,ITG17
19,287,087, 052 ,087052,Valverde,,5,Isole,Sicilia,Catania,-,0,CT,87052,87052,87052,87052,L658,7.714,ITG,ITG1,ITG17,ITG,ITG1,ITG17
19,287,087, 053 ,087053,Viagrande,,5,Isole,Sicilia,Catania,-,0,CT,87053,87053,87053,87053,L828,8.155,ITG,ITG1,ITG17,ITG,ITG1,ITG17
19,287,087, 054 ,087054,Vizzini,,5,Isole,Sicilia,Catania,-,0,CT,87054,87054,87054,87054,M100,6.409,ITG,ITG1,ITG17,ITG,ITG1,ITG17
19,287,087, 055 ,087055,Zafferana Etnea,,5,Isole,Sicilia,Catania,-,0,CT,87055,87055,87055,87055,M139,9.249,ITG,ITG1,ITG17,ITG,ITG1,ITG17
19,287,087, 056 ,087056,Mazzarrone,,5,Isole,Sicilia,Catania,-,0,CT,87056,87056,87056,87056,M271,3.989,ITG,ITG1,ITG17,ITG,ITG1,ITG17
19,287,087, 057 ,087057,Maniace,,5,Isole,Sicilia,Catania,-,0,CT,87057,87057,87057,87057,M283,3.671,ITG,ITG1,ITG17,ITG,ITG1,ITG17
19,287,087, 058 ,087058,Ragalna,,5,Isole,Sicilia,Catania,-,0,CT,87058,87058,87058,87058,M287,3.676,ITG,ITG1,ITG17,ITG,ITG1,ITG17
19,-,088, 001 ,088001,Acate,,5,Isole,Sicilia,-,Ragusa,0,RG,88001,88001,88001,88001,A014,9.574,ITG,ITG1,ITG18,ITG,ITG1,ITG18
19,-,088, 002 ,088002,Chiaramonte Gulfi,,5,Isole,Sicilia,-,Ragusa,0,RG,88002,88002,88002,88002,C612,8.224,ITG,ITG1,ITG18,ITG,ITG1,ITG18
19,-,088, 003 ,088003,Comiso,,5,Isole,Sicilia,-,Ragusa,0,RG,88003,88003,88003,88003,C927,29.184,ITG,ITG1,ITG18,ITG,ITG1,ITG18
19,-,088, 004 ,088004,Giarratana,,5,Isole,Sicilia,-,Ragusa,0,RG,88004,88004,88004,88004,E016,3.143,ITG,ITG1,ITG18,ITG,ITG1,ITG18
19,-,088, 005 ,088005,Ispica,,5,Isole,Sicilia,-,Ragusa,0,RG,88005,88005,88005,88005,E366,15.122,ITG,ITG1,ITG18,ITG,ITG1,ITG18
19,-,088, 006 ,088006,Modica,,5,Isole,Sicilia,-,Ragusa,0,RG,88006,88006,88006,88006,F258,53.959,ITG,ITG1,ITG18,ITG,ITG1,ITG18
19,-,088, 007 ,088007,Monterosso Almo,,5,Isole,Sicilia,-,Ragusa,0,RG,88007,88007,88007,88007,F610,3.183,ITG,ITG1,ITG18,ITG,ITG1,ITG18
19,-,088, 008 ,088008,Pozzallo,,5,Isole,Sicilia,-,Ragusa,0,RG,88008,88008,88008,88008,G953,18.929,ITG,ITG1,ITG18,ITG,ITG1,ITG18
19,-,088, 009 ,088009,Ragusa,,5,Isole,Sicilia,-,Ragusa,1,RG,88009,88009,88009,88009,H163,69.794,ITG,ITG1,ITG18,ITG,ITG1,ITG18
19,-,088, 010 ,088010,Santa Croce Camerina,,5,Isole,Sicilia,-,Ragusa,0,RG,88010,88010,88010,88010,I178,9.452,ITG,ITG1,ITG18,ITG,ITG1,ITG18
19,-,088, 011 ,088011,Scicli,,5,Isole,Sicilia,-,Ragusa,0,RG,88011,88011,88011,88011,I535,25.922,ITG,ITG1,ITG18,ITG,ITG1,ITG18
19,-,088, 012 ,088012,Vittoria,,5,Isole,Sicilia,-,Ragusa,0,RG,88012,88012,88012,88012,M088,61.006,ITG,ITG1,ITG18,ITG,ITG1,ITG18
19,-,089, 001 ,089001,Augusta,,5,Isole,Sicilia,-,Siracusa,0,SR,89001,89001,89001,89001,A494,36.169,ITG,ITG1,ITG19,ITG,ITG1,ITG19
19,-,089, 002 ,089002,Avola,,5,Isole,Sicilia,-,Siracusa,0,SR,89002,89002,89002,89002,A522,31.328,ITG,ITG1,ITG19,ITG,ITG1,ITG19
19,-,089, 003 ,089003,Buccheri,,5,Isole,Sicilia,-,Siracusa,0,SR,89003,89003,89003,89003,B237,2.133,ITG,ITG1,ITG19,ITG,ITG1,ITG19
19,-,089, 004 ,089004,Buscemi,,5,Isole,Sicilia,-,Siracusa,0,SR,89004,89004,89004,89004,B287,1.128,ITG,ITG1,ITG19,ITG,ITG1,ITG19
19,-,089, 005 ,089005,Canicattini Bagni,,5,Isole,Sicilia,-,Siracusa,0,SR,89005,89005,89005,89005,B603,7.186,ITG,ITG1,ITG19,ITG,ITG1,ITG19
19,-,089, 006 ,089006,Carlentini,,5,Isole,Sicilia,-,Siracusa,0,SR,89006,89006,89006,89006,B787,17.958,ITG,ITG1,ITG19,ITG,ITG1,ITG19
19,-,089, 007 ,089007,Cassaro,,5,Isole,Sicilia,-,Siracusa,0,SR,89007,89007,89007,89007,C006,813,ITG,ITG1,ITG19,ITG,ITG1,ITG19
19,-,089, 008 ,089008,Ferla,,5,Isole,Sicilia,-,Siracusa,0,SR,89008,89008,89008,89008,D540,2.600,ITG,ITG1,ITG19,ITG,ITG1,ITG19
19,-,089, 009 ,089009,Floridia,,5,Isole,Sicilia,-,Siracusa,0,SR,89009,89009,89009,89009,D636,22.685,ITG,ITG1,ITG19,ITG,ITG1,ITG19
19,-,089, 010 ,089010,Francofonte,,5,Isole,Sicilia,-,Siracusa,0,SR,89010,89010,89010,89010,D768,12.923,ITG,ITG1,ITG19,ITG,ITG1,ITG19
19,-,089, 011 ,089011,Lentini,,5,Isole,Sicilia,-,Siracusa,0,SR,89011,89011,89011,89011,E532,24.484,ITG,ITG1,ITG19,ITG,ITG1,ITG19
19,-,089, 012 ,089012,Melilli,,5,Isole,Sicilia,-,Siracusa,0,SR,89012,89012,89012,89012,F107,13.076,ITG,ITG1,ITG19,ITG,ITG1,ITG19
19,-,089, 013 ,089013,Noto,,5,Isole,Sicilia,-,Siracusa,0,SR,89013,89013,89013,89013,F943,23.704,ITG,ITG1,ITG19,ITG,ITG1,ITG19
19,-,089, 014 ,089014,Pachino,,5,Isole,Sicilia,-,Siracusa,0,SR,89014,89014,89014,89014,G211,22.068,ITG,ITG1,ITG19,ITG,ITG1,ITG19
19,-,089, 015 ,089015,Palazzolo Acreide,,5,Isole,Sicilia,-,Siracusa,0,SR,89015,89015,89015,89015,G267,9.091,ITG,ITG1,ITG19,ITG,ITG1,ITG19
19,-,089, 016 ,089016,Rosolini,,5,Isole,Sicilia,-,Siracusa,0,SR,89016,89016,89016,89016,H574,21.526,ITG,ITG1,ITG19,ITG,ITG1,ITG19
19,-,089, 017 ,089017,Siracusa,,5,Isole,Sicilia,-,Siracusa,1,SR,89017,89017,89017,89017,I754,118.385,ITG,ITG1,ITG19,ITG,ITG1,ITG19
19,-,089, 018 ,089018,Solarino,,5,Isole,Sicilia,-,Siracusa,0,SR,89018,89018,89018,89018,I785,7.853,ITG,ITG1,ITG19,ITG,ITG1,ITG19
19,-,089, 019 ,089019,Sortino,,5,Isole,Sicilia,-,Siracusa,0,SR,89019,89019,89019,89019,I864,8.907,ITG,ITG1,ITG19,ITG,ITG1,ITG19
19,-,089, 020 ,089020,Portopalo di Capo Passero,,5,Isole,Sicilia,-,Siracusa,0,SR,89020,89020,89020,89020,M257,3.749,ITG,ITG1,ITG19,ITG,ITG1,ITG19
19,-,089, 021 ,089021,Priolo Gargallo,,5,Isole,Sicilia,-,Siracusa,0,SR,89021,89021,89021,89021,M279,12.167,ITG,ITG1,ITG19,ITG,ITG1,ITG19
