Longe,Denominazione,Tipo,Amstor,Note2,Loc_stor,Foto_web,Consit,Proat,Ico_torri,Località,Provincia,Comune,longitude,latitude,PRO_COM_T
13.3262125587,Mondello,Torre della tonnara,ecclesiastico,Torre della tonnara.,Val di Mazara,http://gis.osservatorioturistico.sicilia.it/doc/foto/torri/Mondello_PA.jpg,discreto,privata,http://gis.osservatorioturistico.sicilia.it/doc/foto/torri/ico/ico_Mondello_PA.jpg,Via Torre di Mondello,PA,Palermo,13.326212558705546,38.20650087811456,82053
13.3687713188,Vergine Maria,Torre della tonnara,privati,,Val di Mazara,http://gis.osservatorioturistico.sicilia.it/doc/foto/torri/Vergine_Maria_PA.jpg,discreto,privata,http://gis.osservatorioturistico.sicilia.it/doc/foto/torri/ico/ico_Vergine_Maria_PA.jpg,Porticciolo Vergine Maria,PA,Palermo,13.368771318824342,38.16600363598536,82053
13.3662231746,Rotolo,Torre,incerta,,Val di Mazara,http://gis.osservatorioturistico.sicilia.it/doc/foto/torri/Rotolo_PA.jpg,mediocre,pubblica,http://gis.osservatorioturistico.sicilia.it/doc/foto/torri/ico/ico_Rotolo_PA.jpg,Lungomare Cristoforo Colombo,PA,Palermo,13.36622317456296,38.17902716416933,82053
13.3420445245,Addaura,Torre,privati,,Val di Mazara,http://gis.osservatorioturistico.sicilia.it/doc/foto/torri/Addaura_PA.jpg,ottimo,privata,http://gis.osservatorioturistico.sicilia.it/doc/foto/torri/ico/ico_Addaura_PA.jpg,Addaura,PA,Palermo,13.342044524525033,38.18967684869581,82053
13.3300189164,Mondello o del Fico d'India,Torre,deputazione,All'interno dell'hotel La Torre.,Val di Mazara,http://gis.osservatorioturistico.sicilia.it/doc/foto/torri/Torre_del_Fico_D'India_PA.jpg,discreto,privata,http://gis.osservatorioturistico.sicilia.it/doc/foto/torri/ico/ico_Fico_d'India_PA.jpg,Mondello,PA,Palermo,13.330018916433112,38.211905904008034,82053
13.3030021896,Amari o Dammuso di Gallo,Torre,deputazione,,Val di Mazara,http://gis.osservatorioturistico.sicilia.it/doc/foto/torri/Amari_PA.jpg,discreto,privata,http://gis.osservatorioturistico.sicilia.it/doc/foto/torri/ico/ico_Amari_PA.jpg,Pizzosella,PA,Palermo,13.303002189555528,38.21772503166071,82053
13.2449747965,Isola delle Femmine in Terra,Torre,deputazione,Torre in terra di Isola delle Femmine; torre di Capaci. Visitabile al pubblico.,Val di Mazara,http://gis.osservatorioturistico.sicilia.it/doc/foto/torri/Isola_Femmine_Terra_PA.jpg,ottimo,pubblica,http://gis.osservatorioturistico.sicilia.it/doc/foto/torri/ico/ico_Isola_Femm_Terra_PA.jpg,Punta del Passaggio,PA,Isola delle Femmine,13.244974796532285,38.201829769986624,82043
13.23537917,Isola delle Femmine di Fuori,Torre,deputazione,Torre di Isola in mare. All'interno della RNO di Isola delle Femmine.,Val di Mazara,http://gis.osservatorioturistico.sicilia.it/doc/foto/torri/Isola_delle_Femmine_PA.jpg,pessimo,privata,http://gis.osservatorioturistico.sicilia.it/doc/foto/torri/ico/ico_Isola_delle_Femmine_PA.jpg,Isola di fuori,PA,Isola delle Femmine,13.235379169997756,38.21140204765239,82043
13.2218815829,Ciachea,Torre,privati,,Val di Mazara,http://gis.osservatorioturistico.sicilia.it/doc/foto/torri/Ciachea_PA.jpg,buono,privata,http://gis.osservatorioturistico.sicilia.it/doc/foto/torri/ico/ico_Ciachea_PA.jpg,Villa Ciachea,PA,Carini,13.221881582870353,38.17385779584605,82021
13.1849311926,Milioti,Torre,privati,,Val di Mazara,http://gis.osservatorioturistico.sicilia.it/doc/foto/torri/Milioti_PA.jpg,buono,privata,http://gis.osservatorioturistico.sicilia.it/doc/foto/torri/ico/ico_Milioti_PA.jpg,Villagrazia di Carini,PA,Carini,13.184931192615377,38.16550670564412,82021
13.1612294003,Carini,Torre della tonnara,privati,,Val di Mazara,http://gis.osservatorioturistico.sicilia.it/doc/foto/torri/Carini_PA.jpg,mediocre,privata,http://gis.osservatorioturistico.sicilia.it/doc/foto/torri/ico/ico_Tonnara_Carini_PA.jpg,Baglio di Carini,PA,Carini,13.161229400326963,38.177127039611904,82021
13.1600528102,Muzza,Torre,incerta,,Val di Mazara,http://gis.osservatorioturistico.sicilia.it/doc/foto/torri/Muzza_PA.jpg,pessimo,privata,http://gis.osservatorioturistico.sicilia.it/doc/foto/torri/ico/ico_Muzza_PA.jpg,Piraineto,PA,Carini,13.160052810225377,38.18525119792,82021
13.140114898,Pozzillo,Torre,deputazione,,Val di Mazara,http://gis.osservatorioturistico.sicilia.it/doc/foto/torri/Pozzillo_PA.jpg,discreto,pubblica,http://gis.osservatorioturistico.sicilia.it/doc/foto/torri/ico/ico_Pozzillo_PA.jpg,Marina di Cinisi,PA,Cinisi,13.14011489799226,38.18403579519048,82031
13.123549079,Orsa,Torre della tonnara,ecclesiastico,,Val di Mazara,http://gis.osservatorioturistico.sicilia.it/doc/foto/torri/Orsa_PA.jpg,ottima,pubblica,http://gis.osservatorioturistico.sicilia.it/doc/foto/torri/ico/ico_Orsa_PA.jpg,Fonda Orsa,PA,Cinisi,13.123549079025084,38.19112550752424,82031
13.0774380461,Molinazzo,Torre,deputazione,,Val di Mazara,http://gis.osservatorioturistico.sicilia.it/doc/foto/torri/Molinazzo_PA.jpg,mediocre,pubblica,http://gis.osservatorioturistico.sicilia.it/doc/foto/torri/ico/ico_Molinazzo_PA.jpg,Punta del Molinazzo,PA,Cinisi,13.077438046095896,38.170923466146085,82031
13.0724460119,Alba,Torre,deputazione,,Val di Mazara,http://gis.osservatorioturistico.sicilia.it/doc/foto/torri/Alba_PA.jpg,buono,pubblica,http://gis.osservatorioturistico.sicilia.it/doc/foto/torri/ico/ico_Alba_PA.jpg,Calarossa,PA,Terrasini,13.072446011854105,38.15160727820484,82071
13.0527238361,Capo Rama,Torre,deputazione,,Val di Mazara,http://gis.osservatorioturistico.sicilia.it/doc/foto/torri/Capo_Rama_PA.jpg,cattivo,pubblica,http://gis.osservatorioturistico.sicilia.it/doc/foto/torri/ico/ico_Capo_Rama_PA.jpg,Capo Rama,PA,Terrasini,13.052723836065113,38.13847583552492,82071
13.0688287607,Toleda o Paternella,Torre,deputazione,,Val di Mazara,http://gis.osservatorioturistico.sicilia.it/doc/foto/torri/Toleda_Paternella_PA.jpg,cattivo,privata,http://gis.osservatorioturistico.sicilia.it/doc/foto/torri/ico/ico_Toleda_Paternella_PA.jpg,Contrada Paternella,PA,Terrasini,13.06882876073009,38.11787685842809,82071
13.0722064448,Re/Belvedere/Cerasella,Torre,privati,,Val di Mazara,http://gis.osservatorioturistico.sicilia.it/doc/foto/torri/RE_PA.jpg,cattivo,privata,http://gis.osservatorioturistico.sicilia.it/doc/foto/torri/ico/ico_Re_PA.jpg,Via Torre Belvedere,PA,Partinico,13.072206444800557,38.07262802587429,82054
12.8376088646,Guidaloca,Torre,deputazione,,Val di Mazara,http://gis.osservatorioturistico.sicilia.it/doc/foto/torri/Guidaloca_TP.jpg,discreto,privata,http://gis.osservatorioturistico.sicilia.it/doc/foto/torri/ico/ico_Guidaloca_TP.jpg,Guidaloca,TP,Castellammare del Golfo,12.83760886462257,38.05798315975085,81005
12.8215478928,Scopello/Doria,Torre,deputazione,,Val di Mazara,http://gis.osservatorioturistico.sicilia.it/doc/foto/torri/Scopello_TP.jpg,ottimo,privata,http://gis.osservatorioturistico.sicilia.it/doc/foto/torri/ico/ico_Scopello_TP.jpg,Scopello,TP,Castellammare del Golfo,12.821547892791097,38.07311730380183,81005
12.7891090949,Uzzo,Torre,privati,,Val di Mazara,http://gis.osservatorioturistico.sicilia.it/doc/foto/torri/Uzzo_TP.jpg,pessimo,pubblica,http://gis.osservatorioturistico.sicilia.it/doc/foto/torri/ico/ico_Uzzo_TP.jpg,Tonnarella dell'Uzzo,TP,San Vito,12.789109094896451,38.11094360403836,81020
12.7885382148,'Mpiso o Azzolino,Torre,deputazione,,Val di Mazara,http://gis.osservatorioturistico.sicilia.it/doc/foto/torri/Impiso_TP.jpg,ottimo,pubblica,http://gis.osservatorioturistico.sicilia.it/doc/foto/torri/ico/ico_Impiso_TP.jpg,Promontorio San Vito,TP,San Vito,12.788538214841696,38.13498236136407,81020
12.7708321278,Scieri,Torre,deputazione,,Val di Mazara,http://gis.osservatorioturistico.sicilia.it/doc/foto/torri/Scieri_TP.jpg,pessimo,pubblica,http://gis.osservatorioturistico.sicilia.it/doc/foto/torri/ico/ico_Scieri_TP.jpg,Golfo di Castellammare,TP,San Vito,12.770832127767443,38.17501629942669,81020
12.7340761378,San Vito (Santuario),Torre,ecclesiastico,,Val di Mazara,http://gis.osservatorioturistico.sicilia.it/doc/foto/torri/San_Vito_Santuario_TP.jpg,ottimo,pubb.eccles.,http://gis.osservatorioturistico.sicilia.it/doc/foto/torri/ico/ico_San_Vito_Santuario_TP.jpg,Piazza Santuario,TP,San Vito,12.734076137791783,38.17611444076629,81020
12.7305860467,San Vito,Torrazzo,privati,Torrazzo.,Val di Mazara,http://gis.osservatorioturistico.sicilia.it/doc/foto/torri/San_Vito_Torrazzo_TP.jpg,buono,pubblica,http://gis.osservatorioturistico.sicilia.it/doc/foto/torri/ico/ico_San_Vito_Torrazzo_TP.jpg,Via Faro,TP,San Vito,12.730586046733588,38.181895086779086,81020
12.735466594,Isolidda,Torre,deputazione,Torre del Poggio dei Monaci.,Val di Mazara,http://gis.osservatorioturistico.sicilia.it/doc/foto/torri/Isolidda_TP.jpg,ottimo,pubblica,http://gis.osservatorioturistico.sicilia.it/doc/foto/torri/ico/ico_Isolidda_TP.jpg,Golfo di Cofano,TP,San Vito,12.735466593989957,38.14665754178326,81020
12.6800752096,Tonnara di Cofano,Torre della tonnara,privati,,Val di Mazara,http://gis.osservatorioturistico.sicilia.it/doc/foto/torri/Tonnara di Cofano_TP.JPG,discreto,pubblica,http://gis.osservatorioturistico.sicilia.it/doc/foto/torri/ico/ico_Tonnara di Cofano_TP.JPG,Tonnara di Cofano,TP,Custonaci,12.680075209641569,38.11162379414871,81007
12.6283245531,Sciare o Guddia,Torre,privati,Torre le Sciare; torre Guddia o Cuddia; torre Cortigliolo.,Val di Mazara,http://gis.osservatorioturistico.sicilia.it/doc/foto/torri/Sciare_Guddia_TP.jpg,mediocre,privata,http://gis.osservatorioturistico.sicilia.it/doc/foto/torri/ico/ico_Sciare_Guddia_TP.jpg,Lido Valderice,TP,Valderice,12.6283245530874,38.066383813059474,81022
12.5951088325,Bonagia,Torre della tonnara,,,Val di Mazara,http://gis.osservatorioturistico.sicilia.it/doc/foto/torri/Bonagia_TP.jpg,ottimo,privata,http://gis.osservatorioturistico.sicilia.it/doc/foto/torri/ico/ico_Bonagia_TP.jpg,Tonnara di Bonagia,TP,Valderice,12.595108832523591,38.06736313422224,81022
12.5630444944,Pizzolungo,Torre,,,Val di Mazara,http://gis.osservatorioturistico.sicilia.it/doc/foto/torri/Pizzolungo_TP.jpg,pessimo,privata,http://gis.osservatorioturistico.sicilia.it/doc/foto/torri/ico/ico_Pizzolungo_TP.jpg,Pizzolungo,TP,Erice,12.563044494403506,38.05246018056808,81008
12.5537190329,Martognella,Torre,,,Val di Mazara,http://gis.osservatorioturistico.sicilia.it/doc/foto/torri/Martognella_TP.jpg,discreto,privata,http://gis.osservatorioturistico.sicilia.it/doc/foto/torri/ico/ico_Martognella_TP.jpg,Contrada Martogna,TP,Erice,12.5537190328531,38.04441389707512,81008
12.5267919763,San Giuliano,Torre della tonnara,,,Val di Mazara,http://gis.osservatorioturistico.sicilia.it/doc/foto/torri/San_Giuliano_TP.jpg,pessimo,privata,http://gis.osservatorioturistico.sicilia.it/doc/foto/torri/ico/ico_San_Giuliano_TP.jpg,Tonnara di san Giuliano,TP,Trapani,12.52679197628826,38.03328513168904,81021
12.4969764442,Ligny,Torre,deputazione,Torre di Ligny.Torre del Senato di Trapani.,Val di Mazara,http://gis.osservatorioturistico.sicilia.it/doc/foto/torri/Ligny_TP.jpg,ottimo,pubblica,http://gis.osservatorioturistico.sicilia.it/doc/foto/torri/ico/ico_Ligny_TP.jpg,Via Torre di Ligny,TP,Trapani,12.496976444203646,38.01960671753727,81021
12.4945876828,Nubia,Torre,deputazione,,Val di Mazara,http://gis.osservatorioturistico.sicilia.it/doc/foto/torri/Nubia_TP.jpg,ottimo,pubblica,http://gis.osservatorioturistico.sicilia.it/doc/foto/torri/ico/ico_Nubia_TP.jpg,Nubia,TP,Paceco,12.494587682848277,37.9816935158355,81013
12.489332404,Marausa o di Mezzo,Torre,deputazione,,Val di Mazara,http://gis.osservatorioturistico.sicilia.it/doc/foto/torri/Marausa_TP.jpg,buono,pubblica,http://gis.osservatorioturistico.sicilia.it/doc/foto/torri/ico/ico_Marausa_TP.jpg,Marausa,TP,Trapani,12.489332403989552,37.94679144749512,81021
12.4591968974,San Teodoro A,Torre,privati,(A) o San Todaro.,Val di Mazara,http://gis.osservatorioturistico.sicilia.it/doc/foto/torri/San_Teodoro_TP.jpg,buono,privata,http://gis.osservatorioturistico.sicilia.it/doc/foto/torri/ico/ico_San_Teodoro_TP.jpg,Capo San Teodoro,TP,Marsala,12.459196897402787,37.90731804494819,81011
12.4404867809,Altavilla,Torre,privati,Ubicata a Isola Grande (Marsala).,Val di Mazara,http://gis.osservatorioturistico.sicilia.it/doc/foto/torri/Altavilla_TP.jpg,mediocre,privata,http://gis.osservatorioturistico.sicilia.it/doc/foto/torri/ico/ico_Altavilla_TP.jpg,Isola Grande,TP,Marsala,12.440486780878702,37.88177642630224,81011
12.4453541132,Salina,Torre,privati,Torre della salina.,Val di Mazara,http://gis.osservatorioturistico.sicilia.it/doc/foto/torri/Salina_TP.jpg,mediocre,privata,http://gis.osservatorioturistico.sicilia.it/doc/foto/torri/ico/ico_Salina_TP.jpg,Isola Grande,TP,Marsala,12.445354113208348,37.8714504859795,81011
12.4760474663,Sances,Torre,privati,,Val di Mazara,http://gis.osservatorioturistico.sicilia.it/doc/foto/torri/Sances_TP.jpg,buono,privata,http://gis.osservatorioturistico.sicilia.it/doc/foto/torri/ico/ico_Sances_TP.jpg,Birgi vecchio,TP,Marsala,12.476047466338391,37.88645658349024,81011
12.4597426076,Polizzi,Torre,privati,,Val di Mazara,http://gis.osservatorioturistico.sicilia.it/doc/foto/torri/Polizzi_TP.jpg,buono,privata,http://gis.osservatorioturistico.sicilia.it/doc/foto/torri/ico/ico_Polizzi_TP.jpg,"SP TP-Marsala Km 24,900",TP,Marsala,12.459742607575208,37.81487080024389,81011
12.4665854096,Tonna,Torre,privati,,Val di Mazara,http://gis.osservatorioturistico.sicilia.it/doc/foto/torri/Tonna_TP.jpg,buono,privata,http://gis.osservatorioturistico.sicilia.it/doc/foto/torri/ico/ico_Tonna_TP.jpg,Zona Berbarello,TP,Marsala,12.466585409608046,37.757706371007615,81011
12.4699345529,Sibiliana,Torre,privati,o Sibilliana.,Val di Mazara,http://gis.osservatorioturistico.sicilia.it/doc/foto/torri/Sibiliana_TP.jpg,mediocre,privata,http://gis.osservatorioturistico.sicilia.it/doc/foto/torri/ico/ico_Sibiliana_TP.jpg,Litorale Tra lido Signorino e lido Piscione,TP,Petrosino,12.469934552938392,37.7266189204544,81024
12.6521072917,Sorello,Torre,pubblica,Torre Suarello o di Capo del Suarello.,Val di Mazara,http://gis.osservatorioturistico.sicilia.it/doc/foto/torri/Sorello_TP.jpg,ottimo,pubblica,http://gis.osservatorioturistico.sicilia.it/doc/foto/torri/ico/ico_Sorello_TP.jpg,A ovest dell'abitato di Torretta Granitola,TP,Mazara del Vallo,12.65210729168296,37.57653684346853,81012
12.6543978493,Granitola,Torre,deputazione,Torretta Granitola; torretta di Mazara.,Val di Mazara,http://gis.osservatorioturistico.sicilia.it/doc/foto/torri/Granitola_TP.jpg,discreto,pubblica,http://gis.osservatorioturistico.sicilia.it/doc/foto/torri/ico/ico_Granitola_TP.jpg,Torretta Granitola,TP,Mazara del Vallo,12.654397849313805,37.57678378601713,81012
12.7248732901,Tre Fontane,Torre,deputazione,,Val di Mazara,http://gis.osservatorioturistico.sicilia.it/doc/foto/torri/Tre_Fontane_TP.jpg,pessimo,pubblica,http://gis.osservatorioturistico.sicilia.it/doc/foto/torri/ico/ico_Tre_Fontane_TP.jpg,Tre Fontane,TP,Campobello di Mazara,12.724873290137236,37.56883698598828,81004
12.8251042385,Polluce,Torre,deputazione,Oggi detta Casa del viaggiatore.,Val di Mazara,http://gis.osservatorioturistico.sicilia.it/doc/foto/torri/Polluce_TP.jpg,ottimo,pubblica,http://gis.osservatorioturistico.sicilia.it/doc/foto/torri/ico/ico_Polluce_TP.jpg,Selinunte Acropoli,TP,Castelvetrano,12.82510423851651,37.581992333443424,81006
12.904132524,Porto Palo,Torre,deputazione,Torre di Palo.,Val di Mazara,http://gis.osservatorioturistico.sicilia.it/doc/foto/torri/PortoPalo_AG.jpg,buono,pubblica,http://gis.osservatorioturistico.sicilia.it/doc/foto/torri/ico/ico_Porto_Palo_AG.jpg,Porto Palo,AG,Menfi,12.904132523969505,37.57553586326018,84023
13.0245334577,Vignagrande,Torre,privati,,Val di Mazara,http://gis.osservatorioturistico.sicilia.it/doc/foto/torri/Vignagrande_AG.jpg,mediocre,privata,http://gis.osservatorioturistico.sicilia.it/doc/foto/torri/ico/ico_Vignagrande_AG.jpg,Contrada Vignagrande,AG,Sciacca,13.024533457722812,37.511274190020565,84041
13.0213587171,Tradimento,Torre,pubblica,"Torre San Marco, torre Mazzone.",Val di Mazara,http://gis.osservatorioturistico.sicilia.it/doc/foto/torri/Tradimento_AG.jpg,buono,privata,http://gis.osservatorioturistico.sicilia.it/doc/foto/torri/ico/ico_Tradimento_AG.jpg,Capo San Marco,AG,Sciacca,13.021358717116383,37.497643782682985,84041
13.0622254247,Bellante,Torre,,o Billante.,Val di Mazara,http://gis.osservatorioturistico.sicilia.it/doc/foto/torri/Bellante_AG.jpg,cattivo,privata,http://gis.osservatorioturistico.sicilia.it/doc/foto/torri/ico/ico_Bellante_AG.jpg,1Km a ovest dal centro di Sciacca,AG,Sciacca,13.062225424743676,37.51108715486003,84041
13.1922241239,Verdura,Torre,privati,,Val di Mazara,http://gis.osservatorioturistico.sicilia.it/doc/foto/torri/Verdura_AG.jpg,buono,privata,http://gis.osservatorioturistico.sicilia.it/doc/foto/torri/ico/ico_Verdura_AG.jpg,Da Sciacca dopo il Km 135,AG,Sciacca,13.192224123948986,37.47387768773191,84041
13.4295283009,Monterrosso o Monte Rosso,Torre,deputazione,,Val di Mazara,http://gis.osservatorioturistico.sicilia.it/doc/foto/torri/Monterosso_AG.jpg,buono,privata,http://gis.osservatorioturistico.sicilia.it/doc/foto/torri/ico/ico_Monterosso_AG.jpg,Contrada Monterosso,AG,Realmonte,13.429528300867805,37.30773153452425,84032
13.5266056164,Caricatore di Agrigento,Torre,Feudataria,,Val di Mazara,http://gis.osservatorioturistico.sicilia.it/doc/foto/torri/Caricatore_AG .jpg,discreto,pubblica,http://gis.osservatorioturistico.sicilia.it/doc/foto/torri/ico/ico_Caricatore_Girgenti_AG.jpg,Accesso dal Porto,AG,Porto Empedocle,13.52660561644727,37.286652973740125,84028
13.572966774,San Giuseppe,Torre,,"E' da identificarsi con la torre di un baglio, trasformato in complesso alberghiero.",Val di Mazara,http://gis.osservatorioturistico.sicilia.it/doc/foto/torri/San_Giuseppe_AG.jpg,ottimo,privata,http://gis.osservatorioturistico.sicilia.it/doc/foto/torri/ico/ico_San_Giuseppe_AG.jpg,Contrada Maddalusa,AG,Agrigento,13.572966774000284,37.27839675048029,84001
13.7313984786,San Carlo,Torre,deputazione,"Torre di Palma, fortezza della Balatella.",Val di Mazara,http://gis.osservatorioturistico.sicilia.it/doc/foto/torri/San_Carlo_AG.jpg,discreto,privata,http://gis.osservatorioturistico.sicilia.it/doc/foto/torri/ico/ico_San_Carlo_AG.jpg,Marina di Palma,AG,Palma di Montechiaro,13.73139847855662,37.16595143597159,84027
13.8339572843,Gaffe,Torre,privati,"Torre della Gaffe, torre del Grugno.",Val di Mazara,http://gis.osservatorioturistico.sicilia.it/doc/foto/torri/Gaffe_AG.jpg,discreto,privata,http://gis.osservatorioturistico.sicilia.it/doc/foto/torri/ico/ico_Gaffe_AG.jpg,Torre di Gaffe,AG,Licata,13.83395728433923,37.140023861919765,84021
14.138526856,Manfria,Torre,deputazione,,Val di Noto,http://gis.osservatorioturistico.sicilia.it/doc/foto/torri/Manfria_CL.jpg,mediocre,privata,http://gis.osservatorioturistico.sicilia.it/doc/foto/torri/ico/ico_Manfria_CL.jpg,Manfria,CL,Gela,14.138526856009506,37.09991053220744,85007
14.4928490289,Scalambri,Torre,deputazione,Torre Scalambri; torre Scarami; torre Rasaraimi; o Rasacarami.,Val di Noto,http://gis.osservatorioturistico.sicilia.it/doc/foto/torri/Scalambri_RG.jpg,buono,privata,http://gis.osservatorioturistico.sicilia.it/doc/foto/torri/ico/ico_Scalambri_RG.jpg,Capo Scalambri,RG,Santa Croce Camerina,14.492849028904796,36.7880453196732,88010
14.554407786,Mazzarelli,Torre,deputazione,,Val di Noto,http://gis.osservatorioturistico.sicilia.it/doc/foto/torri/Mazzarelli_RG.jpg,ottimo,privata,http://gis.osservatorioturistico.sicilia.it/doc/foto/torri/ico/ico_Mazzarelli_RG.jpg,Marina di Ragusa,RG,Ragusa,14.554407785984678,36.7829184299192,88009
14.6341946153,Donnalucata,Torre,privati,,Val di Noto,http://gis.osservatorioturistico.sicilia.it/doc/foto/torri/Donnalucata_RG.jpg,buono,privata,http://gis.osservatorioturistico.sicilia.it/doc/foto/torri/ico/ico_Donnalucata_RG.jpg,Frazione di Donnalucata,RG,Scicli,14.634194615333737,36.774778690574784,88011
14.8486497525,Pozzallo o Cabrera,Torre,deputazione,,Val di Noto,http://gis.osservatorioturistico.sicilia.it/doc/foto/torri/Pozzallo_RG.jpg,ottimo,pubblica,http://gis.osservatorioturistico.sicilia.it/doc/foto/torri/ico/ico_Pozzallo_RG.jpg,Piazza Rimembranze,RG,Pozzallo,14.848649752509418,36.72746071164677,88008
15.0993739491,Vendicari,Torre,deputazione,,Val di Noto,http://gis.osservatorioturistico.sicilia.it/doc/foto/torri/Vendicari_SR.jpg,ottimo,pubblica,http://gis.osservatorioturistico.sicilia.it/doc/foto/torri/ico/ico_Vendicari_SR.jpg,RNO Vendicari,SR,Noto,15.099373949102274,36.802632851482336,89013
15.2515224978,Targetta,Torre,privati,,Val di Noto,http://gis.osservatorioturistico.sicilia.it/doc/foto/torri/Targetta_SR.jpg,buono,privata,http://gis.osservatorioturistico.sicilia.it/doc/foto/torri/ico/ico_Targetta_SR.jpg,Ex feudo della Targia,SR,Siracusa,15.251522497775996,37.102610491001336,89017
15.2316471443,Magnisi,Torre,,Torre sulla penisola Magnisi o Manghisi; torre alla punta del Lauro.,Val di Noto,http://gis.osservatorioturistico.sicilia.it/doc/foto/torri/Magnisi_SR.jpg,ottimo,pubblica,http://gis.osservatorioturistico.sicilia.it/doc/foto/torri/ico/ico_Magnisi_SR.jpg,Penisola Magnisi,SR,Priolo Gargallo,15.231647144253657,37.15395687701905,89021
15.2002390282,Fico,Torre,privati,,Val di Noto,http://gis.osservatorioturistico.sicilia.it/doc/foto/torri/Fico_SR.jpg,discreto,privata,http://gis.osservatorioturistico.sicilia.it/doc/foto/torri/ico/ico_Fico_SR.jpg,Litoranea Melilli Priolo,SR,Priolo Gargallo,15.200239028152032,37.158627777205055,89021
15.2240499575,D'Avalos,Torre,fortezza regia,Torre Avola.,Val di Noto,http://gis.osservatorioturistico.sicilia.it/doc/foto/torri/Avalos_SR.jpg,discreto,pubblica,http://gis.osservatorioturistico.sicilia.it/doc/foto/torri/ico/ico_Avalos_SR.JPG,Penisola di Augusta,SR,Augusta,15.22404995754499,37.21194843627425,89001
15.1136353203,Ognina CT,Torre,pubblica,Torre di Ognina; torre di Lognina; torre Saracena.,Val Demone,http://gis.osservatorioturistico.sicilia.it/doc/foto/torri/Ognina_CT.jpg,buono,privata,http://gis.osservatorioturistico.sicilia.it/doc/foto/torri/ico/ico_Ognina_CT.jpg,Lungomare Ognina,CT,Catania,15.11363532026169,37.52788532823164,87015
15.2607349066,Ognina SR,Torretta,deputazione,,Val di Noto,http://gis.osservatorioturistico.sicilia.it/doc/foto/torri/Ognina_SR.jpg,buono,pubblica,http://gis.osservatorioturistico.sicilia.it/doc/foto/torri/ico/ico_Ognina_SR.jpg,Capo Ognina,SR,Siracusa,15.260734906633466,36.9753205264994,89017
15.1612485747,Faraglione,Torre,deputazione,,Val Demone,http://gis.osservatorioturistico.sicilia.it/doc/foto/torri/Faraglione_CT.jpg,discreto,pubblica,http://gis.osservatorioturistico.sicilia.it/doc/foto/torri/ico/ico_Faraglione_CT.jpg,Acitrezza,CT,Acicastello,15.161248574729282,37.56267493584294,87002
15.1760352602,Sant'Anna o di Capo Mulini,Torre,deputazione,Torre di Sant'Anna; torre di Capo Mulini o Molino.,Val Demone,http://gis.osservatorioturistico.sicilia.it/doc/foto/torri/Capo_Mulini_CT.jpg,buono,pubblica,http://gis.osservatorioturistico.sicilia.it/doc/foto/torri/ico/ico_Capo_Mulini_CT.jpg,Capo Mulini,CT,Acireale,15.176035260193697,37.5762097865704,87004
15.1843397736,Santa Tecla,Torre,deputazione,Torretta di Santa Tecla; Ritola.,Val Demone,http://gis.osservatorioturistico.sicilia.it/doc/foto/torri/Santa_Tecla_CT.jpg,discreto,pubblica,http://gis.osservatorioturistico.sicilia.it/doc/foto/torri/ico/ico_Santa_Tecla_CT.jpg,Santa Tecla,CT,Acireale,15.18433977364822,37.64021928564485,87004
15.2719482459,Schisò,Torre,privati,,Val Demone,http://gis.osservatorioturistico.sicilia.it/doc/foto/torri/Schisò_ME.jpg,buono,privata,http://gis.osservatorioturistico.sicilia.it/doc/foto/torri/ico/ico_Schisò_ME.jpg,Golfo di Giardini,ME,Giardini Naxos,15.271948245908217,37.82375299550409,83032
15.3712693519,Baglio,Torre,privati,,Val Demone,http://gis.osservatorioturistico.sicilia.it/doc/foto/torri/Baglio_ME.jpg,cattivo,privata,http://gis.osservatorioturistico.sicilia.it/doc/foto/torri/ico/ico_Baglio_ME.jpg,Via Sparagonà,ME,Santa Teresa di Riva,15.37126935194765,37.95277478123121,83089
15.3574670892,Bolina,Torre,privati,,Val Demone,http://gis.osservatorioturistico.sicilia.it/doc/foto/torri/Bolina_ME.jpg,mediocre,privata,http://gis.osservatorioturistico.sicilia.it/doc/foto/torri/ico/ico_Bolina_ME.jpg,"Via Bolina,35",ME,Santa Teresa di Riva,15.35746708922914,37.93690442429294,83089
15.3742659671,Saraceni,Torre,privati,,Val Demone,http://gis.osservatorioturistico.sicilia.it/doc/foto/torri/Saraceni_ME.jpg,buono,privata,http://gis.osservatorioturistico.sicilia.it/doc/foto/torri/ico/ico_Saraceni_ME.jpg,Piazza Madonna del Carmelo,ME,Santa Teresa di Riva,15.374265967135058,37.9534330202678,83089
15.3494403198,Catalmo,Torre,Incerta,,Val Demone,http://gis.osservatorioturistico.sicilia.it/doc/foto/torri/Catalmo_ME.jpg,buono,privata,http://gis.osservatorioturistico.sicilia.it/doc/foto/torri/ico/ico_Catalmo_ME.jpg,Via Catalmo,ME,Santa Teresa di Riva,15.349440319810274,37.93739552042221,83089
15.3897334645,Lumera o Pagliara o Ficarra,Torre,privati,Torre della Lumera; della Pagliara; della Palma; torre Ficarra.,Val Demone,http://gis.osservatorioturistico.sicilia.it/doc/foto/torri/Lumera_ME.jpg,buono,privata,http://gis.osservatorioturistico.sicilia.it/doc/foto/torri/ico/ico_Lumera_ME.jpg,Via della Torre,ME,Roccalumera,15.38973346450353,37.970650447674224,83072
15.5744472325,Lanterna di Messina o San Raineri,Torre,regia,Torre della Lanterna; torre o lanterna di San Raineri o Ranieri.,Val Demone,http://gis.osservatorioturistico.sicilia.it/doc/foto/torri/Torre_della_Lanterna_ME.jpg,buono,pubblica,http://gis.osservatorioturistico.sicilia.it/doc/foto/torri/ico/ico_Torre_della_Lanterna_ME.jpg,Via San Raineri,ME,Messina,15.5744472325116,38.19357704819911,83048
15.6126335024,Cariddi,Torre,feudataria,,Val Demone,http://gis.osservatorioturistico.sicilia.it/doc/foto/torri/Cariddi_ME.jpg,discreto,privata,http://gis.osservatorioturistico.sicilia.it/doc/foto/torri/ico/ico_Cariddi_ME.jpg,Ganzirri,ME,Messina,15.61263350236674,38.25730026449594,83048
15.6506899241,Torre del Faro,Torre,,,Val Demone,http://gis.osservatorioturistico.sicilia.it/doc/foto/torri/Torre_Faro_ME.jpg,buona,pubblica,http://gis.osservatorioturistico.sicilia.it/doc/foto/torri/ico/ico_Torre_Faro_ME.jpg,Capo Peloro,ME,Messina,15.650689924092427,38.268168955098595,83048
15.6407558963,Mazzone oTorre Bianca,Torre,,,Val Demone,http://gis.osservatorioturistico.sicilia.it/doc/foto/torri/Bianca_ME.jpg,mediocre,pubblica,http://gis.osservatorioturistico.sicilia.it/doc/foto/torri/ico/ico_Torre_Bianca_ME.jpg,Ganzirri,ME,Messina,15.640755896349036,38.27213805824,83048
15.5191159116,Rasocolmo,Torre,pubblica,,Val Demone,http://gis.osservatorioturistico.sicilia.it/doc/foto/torri/Rasocolmo_ME.jpg,buono,pubblica,http://gis.osservatorioturistico.sicilia.it/doc/foto/torri/ico/ico_Rasocolmo_ME.jpg,Capo Rasocolmo,ME,Messina,15.519115911613522,38.295700892731695,83048
15.4424226481,Divieto,Torre,privati,Faro.,Val Demone,http://gis.osservatorioturistico.sicilia.it/doc/foto/torri/Divieto_ME.jpg,ottimo,privata,http://gis.osservatorioturistico.sicilia.it/doc/foto/torri/ico/ico_Divieto_ME.jpg,Piazza Arau,ME,Villafranca Tirrena,15.442422648097756,38.24113714344142,83105
15.2442367894,Tonda di Milazzo,Torretta,,,Val Demone,http://gis.osservatorioturistico.sicilia.it/doc/foto/torri/Tonda_Milazzo_ME.jpg,buono,privata,http://gis.osservatorioturistico.sicilia.it/doc/foto/torri/ico/ico_Tonda_ME.jpg,Capo Milazzo,ME,Milazzo,15.244236789357004,38.237107565276574,83049
15.4733292552,Marmora,Torre,privati,,Val Demone,http://gis.osservatorioturistico.sicilia.it/doc/foto/torri/Marmora_ME.jpg,discreto,privata,http://gis.osservatorioturistico.sicilia.it/doc/foto/torri/ico/ico_Marmora_ME.jpg,Capo Marmora,ME,Messina,15.473329255162753,38.264045808304935,83048
15.2308760651,Lanterna di Milazzo,Torre,deputazione,"Torre della lanterna di Milazzo, oggi faro.",Val Demone,http://gis.osservatorioturistico.sicilia.it/doc/foto/torri/Lanterna_Milazzo_ME.jpg,mediocre,pubblica,http://gis.osservatorioturistico.sicilia.it/doc/foto/torri/ico/ico_Torre_Lanterna_Milazzo_ME.jpg,Punta Baldassarre,ME,Milazzo,15.230876065077876,38.2698365016365,83049
15.1794578138,Cantone,Torre,pubblica,,Val Demone,http://gis.osservatorioturistico.sicilia.it/doc/foto/torri/Cantone_ME.jpg,buono,privata,http://gis.osservatorioturistico.sicilia.it/doc/foto/torri/ico/ico_Cantone_ME.jpg,Fiumara Termini o Patrì,ME,Barcellona Pozzo di Gotto,15.179457813795546,38.15446373255382,83005
14.8937069845,Zappardini,Torre,privati,,Val Demone,http://gis.osservatorioturistico.sicilia.it/doc/foto/torri/Zappardini_ME.jpg,mediocre,privata,http://gis.osservatorioturistico.sicilia.it/doc/foto/torri/ico/ico_Zappardini_ME.jpg,Via Natoli Gatto,ME,Gioiosa Marea,14.893706984451216,38.17290403293385,83033
14.857263445,Ciavole,Torre,Deputazione,,Val Demone,http://gis.osservatorioturistico.sicilia.it/doc/foto/torri/Ciavole_ME.jpg,mediocre,privata,http://gis.osservatorioturistico.sicilia.it/doc/foto/torri/ico/ico_Ciavole_ME.jpg,Frazione di Gliaca,ME,Piraino,14.857263444964532,38.16957241339091,83068
14.6749670497,Marco,Torre,,,Val Demone,http://gis.osservatorioturistico.sicilia.it/doc/foto/torri/Torre_Marco_ME.jpg,cattivo,pubblica,http://gis.osservatorioturistico.sicilia.it/doc/foto/torri/ico/ico_Torre_Marco_ME.jpg,Riva Est torrente Favara,ME,Torrenova,14.674967049686297,38.09072243694047,83108
14.5305983305,Lauro,Torre,deputazione,Torre del Lauro; torre di passo del Lauro.,Val Demone,http://gis.osservatorioturistico.sicilia.it/doc/foto/torri/Lauro_ME.jpg,ottimo,privata,http://gis.osservatorioturistico.sicilia.it/doc/foto/torri/ico/ico_Lauro_ME.jpg,Passo del Lauro,ME,Caronia,14.530598330500036,38.043931649302465,83011
14.3209114476,Torre Muzza,Torre,feudataria,,Val Demone,http://gis.osservatorioturistico.sicilia.it/doc/foto/torri/Torremuzza_ME.jpg,cattivo,privata,http://gis.osservatorioturistico.sicilia.it/doc/foto/torri/ico/ico_Torremuzza_ME.jpg,Punta della Pazza,ME,Motta D'Affermo,14.32091144760975,38.01007382802283,83059
14.2092135354,Scillichenti,Torre,deputazione,,Val Demone,http://gis.osservatorioturistico.sicilia.it/doc/foto/torri/Scillichenti_ME.jpg,buono,pubblica,http://gis.osservatorioturistico.sicilia.it/doc/foto/torri/ico/ico_Scillichenti_ME.jpg,SS113,ME,Tusa,14.20921353543638,38.01466586274288,83101
14.1633220568,Finale,Torre,deputazione,Torre_del Marchese.,Val Demone,http://gis.osservatorioturistico.sicilia.it/doc/foto/torri/Finale_PA.jpg,buono,pubblica,http://gis.osservatorioturistico.sicilia.it/doc/foto/torri/ico/ico_Finale_PA.jpg,Lungomare Marco Polo,PA,Pollina,14.163322056791404,38.01997867468577,82059
14.1471671022,Raisigerbi,Torre,deputazione,,Val Demone,http://gis.osservatorioturistico.sicilia.it/doc/foto/torri/Raisigerbi_PA.jpg,cattivo,privata,http://gis.osservatorioturistico.sicilia.it/doc/foto/torri/ico/ico_Raisigerbi_PA.jpg,Capo Raisigerbi,PA,Pollina,14.14716710222613,38.02967685774593,82059
14.1395533973,Conche,Torre,deputazione,,Val Demone,http://gis.osservatorioturistico.sicilia.it/doc/foto/torri/Conche_PA.jpg,buono,pubblica,http://gis.osservatorioturistico.sicilia.it/doc/foto/torri/ico/ico_Conche_PA.jpg,"SS113 Km 174,300",PA,Pollina,14.13955339730872,38.021875165592256,82059
14.0394913824,Calura,Torre,deputazione,,Val Demone,http://gis.osservatorioturistico.sicilia.it/doc/foto/torri/Calura_PA.jpg,pessimo,privata,http://gis.osservatorioturistico.sicilia.it/doc/foto/torri/ico/ico_Calura_PA.jpg,Contrada Calura,PA,Cefalù,14.03949138237809,38.036184001164386,82027
13.9987698296,Santa Lucia,Torre,privati,,Val Demone,http://gis.osservatorioturistico.sicilia.it/doc/foto/torri/Santa_Lucia_PA.jpg,buono,privata,http://gis.osservatorioturistico.sicilia.it/doc/foto/torri/ico/ico_Santa_Lucia_PA.jpg,"SS113 Km 188,99",PA,Cefalù,13.998769829609452,38.03470183638876,82027
13.9669309951,Settefrati,Torre,privati,,Val Demone,http://gis.osservatorioturistico.sicilia.it/doc/foto/torri/Settefrati_PA.jpg,buono,pubblica,http://gis.osservatorioturistico.sicilia.it/doc/foto/torri/ico/ico_Settefrati_PA.jpg,"SS113 Km 191,400",PA,Cefalù,13.96693099509907,38.02872616219936,82027
13.9406669007,Tonda,Torre,,,Val Demone,http://gis.osservatorioturistico.sicilia.it/doc/foto/torri/Tonda_PA.jpg,discreto,privata,http://gis.osservatorioturistico.sicilia.it/doc/foto/torri/ico/ico_Tonda_PA.jpg,Contrada Torre Tonda,PA,Lascari,13.940666900666171,38.01496062877476,82044
13.9240691462,Pastine,Torre,,,Val Demone,http://gis.osservatorioturistico.sicilia.it/doc/foto/torri/Pastine_PA.jpg,mediocre,privata,http://gis.osservatorioturistico.sicilia.it/doc/foto/torri/ico/ico_Pastine_PA.jpg,Contrada Piano Pastena,PA,Lascari,13.924069146204126,38.01222862394511,82044
13.8106881033,Battilamano,Torre,privati,,Val di Mazara,http://gis.osservatorioturistico.sicilia.it/doc/foto/torri/Battilamano_PA.jpg,cattivo,privata,http://gis.osservatorioturistico.sicilia.it/doc/foto/torri/ico/ico_Battilamano_PA.jpg,Piana di Buonfornello,PA,Termini Imerese,13.810688103258286,37.977634857888106,82070
13.5989637201,Mandre,Torre,deputazione,Erroneamente detta torre di Capo Grosso.,Val di Mazara,http://gis.osservatorioturistico.sicilia.it/doc/foto/torri/Mandre_PA.JPG,buono,privata,http://gis.osservatorioturistico.sicilia.it/doc/foto/torri/ico/ico_Mandre_PA.jpg,SS113 Km 233/234,PA,Altavilla Milicia,13.598963720073062,38.02652077660638,82004
13.5853514642,Colonna,Torre,deputazione,"Presenti superfetazioni recenti, erronemanente detta della Milicia.",Val di Mazara,http://gis.osservatorioturistico.sicilia.it/doc/foto/torri/Colonna_PA.jpg,ottimo,privata,http://gis.osservatorioturistico.sicilia.it/doc/foto/torri/ico/ico_Colonna_PA.jpg,Pressi complesso Sporting,PA,Altavilla Milicia,13.585351464238176,38.031906499661964,82004
13.5540344611,Milicia,Torre,privati,,Val di Mazara,http://gis.osservatorioturistico.sicilia.it/doc/foto/torri/Milicia_PA.jpg,cattivo,privata,http://gis.osservatorioturistico.sicilia.it/doc/foto/torri/ico/ico_Milicia_PA.jpg,Svincolo autostradale,PA,Altavilla Milicia,13.55403446113611,38.0440665427583,82004
13.5346069135,Sperlinga,Torre,privati,,Val di Mazara,http://gis.osservatorioturistico.sicilia.it/doc/foto/torri/Sperlinga_PA.jpg,discreto,privata,http://gis.osservatorioturistico.sicilia.it/doc/foto/torri/ico/ico_Sperlinga_PA.jpg,"SS113 Km 243,200",PA,Santa Flavia,13.5346069134934,38.070823724777675,82067
13.4828105265,Compagnone,Torre,privati,"Uso attuale, magazzino agricolo.",Val di Mazara,http://gis.osservatorioturistico.sicilia.it/doc/foto/torri/Compagnone_PA.jpg,buono,privata,http://gis.osservatorioturistico.sicilia.it/doc/foto/torri/ico/ico_Compagnone_PA.jpg,SS113 Km 249,Pa,Bagheria,13.48281052645486,38.094689967795674,82006
13.4774751227,Cordova,Torre,privati,"Uso attuale, magazzino.",Val di Mazara,http://gis.osservatorioturistico.sicilia.it/doc/foto/torri/Cordova_PA.jpg,cattivo,privata,http://gis.osservatorioturistico.sicilia.it/doc/foto/torri/ico/ico_Cordova_PA.jpg,SS113 dopo ponte fiume Eleuterio,PA,Ficarazzi,13.477475122670151,38.093875032414175,82035
13.4320517293,Acqua dei Corsari,Torre,deputazione,o torre Guzmana.,Val di Mazara,http://gis.osservatorioturistico.sicilia.it/doc/foto/torri/Acqua_dei_Corsari_PA.jpg,buono,pubblica,http://gis.osservatorioturistico.sicilia.it/doc/foto/torri/ico/ico_Acqua_dei_Corsari_PA.jpg,Acqua dei Corsari,PA,Palermo,13.432051729330016,38.096119114748625,82053
13.1537614225,Spalmatore,Torre,deputazione,,Val di Mazara,http://gis.osservatorioturistico.sicilia.it/doc/foto/torri/Spalmatore_PA.jpg,buono,pubblica,http://gis.osservatorioturistico.sicilia.it/doc/foto/torri/ico/ico_Spalmatore_Ustica_PA.jpg,Punta Spalmatore,PA,Ustica,13.153761422499407,38.69913397130957,82075
13.193315478,Santa Maria,Torre,deputazione,,Val di Mazara,http://gis.osservatorioturistico.sicilia.it/doc/foto/torri/Santa_Maria_Ustica_PA.jpg,ottimo,pubblica,http://gis.osservatorioturistico.sicilia.it/doc/foto/torri/ico/ico_Santa_Maria_Ustica_PA.jpg,Cala Santa Maria,PA,Ustica,13.193315478000558,38.70676022844011,82075
12.7694966241,Secco,Torre della tonnara,privati,Torre della tonnara.,Val di Mazara,http://gis.osservatorioturistico.sicilia.it/doc/foto/torri/Secco_TP.jpg,discreto,privata,http://gis.osservatorioturistico.sicilia.it/doc/foto/torri/ico/ico_Tonnara_Secco_TP.jpg,Tonnara del Secco,TP,San Vito,12.769496624095206,38.168073361264405,81020
14.0527949304,Falconara,Torre,feudataria,,Val di Noto,http://gis.osservatorioturistico.sicilia.it/doc/foto/torri/Falconara_CL.jpg,buono,privata,http://gis.osservatorioturistico.sicilia.it/doc/foto/torri/ico/ico_Falconara_CL.jpg,Castello di Falconara,CL,Butera,14.05279493037514,37.10843188495129,85003
12.4787303788,Abele,Torre,privati,Ricadeva nella proprietà del ricco possidente Abele Damiani.,Val di Mazara,http://gis.osservatorioturistico.sicilia.it/doc/foto/torri/Abele_TP.jpg,buono,privata,http://gis.osservatorioturistico.sicilia.it/doc/foto/torri/ico/ico_Abele_TP.jpg,Birgi Vecchio,TP,Marsala,12.478730378763911,37.88369731723548,81011
12.4722825546,Passalacqua,Torre,,,Val di Mazara,http://gis.osservatorioturistico.sicilia.it/doc/foto/torri/Passalacqua_TP.jpg,buono,privata,http://gis.osservatorioturistico.sicilia.it/doc/foto/torri/ico/ico_Passalacqua_TP.jpg,Birgi vecchio,TP,Marsala,12.47228255458219,37.89024024006625,81011
12.4699572375,Anonima di proprietà Alagna,Torre,,,Val di Mazara,http://gis.osservatorioturistico.sicilia.it/doc/foto/torri/Alagna_TP.jpg,discreto,privata,http://gis.osservatorioturistico.sicilia.it/doc/foto/torri/ico/ico_Alagna_TP .jpg,Lungomare Marsala-Petrosino,TP,Marsala,12.469957237540196,37.759235221962605,81011
12.4957508139,Colombara,Torre,regio_demanio,o della Colombaia.,Val di Mazara,http://gis.osservatorioturistico.sicilia.it/doc/foto/torri/Colombaia_TP.jpg,buono,pubblica,http://gis.osservatorioturistico.sicilia.it/doc/foto/torri/ico/ico_Colombaia_TP.jpg,Isolotto della Colombara,TP,Trapani,12.495750813934874,38.011444138977296,81021
13.6160106446,San Nicola l'Arena,Torre,,,Val di Mazara,http://gis.osservatorioturistico.sicilia.it/doc/foto/torri/San_Nicola_l'Arena_PA.jpg,buono,privata,http://gis.osservatorioturistico.sicilia.it/doc/foto/torri/ico/ico_San_Nicola_ l'Arena_PA.jpg,Frazione San Nicola l'Arena,PA,Trabia,13.61601064456025,38.015557495937486,82073
13.8660674235,Ottagonale San Nicola,Torre,privati,"E' ottagonale,a pochi metri dalla torre circolare.",Val di Mazara,http://gis.osservatorioturistico.sicilia.it/doc/foto/torri/San Nicola_AG.jpg,discreto,pubblica,http://gis.osservatorioturistico.sicilia.it/doc/foto/torri/ico/ico_Ottagonale_San_Nicola_AG.jpg,Contrada san Nicola,AG,Licata,13.866067423471684,37.11110050638601,84021
15.6517748113,Forte degli Inglesi,Torre,pubblica,Torrione del Forte degli Inglesi.Costruita presumibilmente dalle autorità militari inglesi.,Val Demone,http://gis.osservatorioturistico.sicilia.it/doc/foto/torri/Forte_Inglesi_ME.jpg,buono,pubblica,http://gis.osservatorioturistico.sicilia.it/doc/foto/torri/ico/ico_Forte_degli_Inglesi_ME.jpg,Capo peloro,ME,Messina,15.651774811316034,38.26854417430776,83048
14.9526541579,Mendolita,Torre,,Posizionamento incerto.,Val Demone,http://gis.osservatorioturistico.sicilia.it/doc/foto/torri/Mendolita_ME.jpg,buono,privata,http://gis.osservatorioturistico.sicilia.it/doc/foto/torri/ico/ico_Mendolita_ME.jpg,Mendolita,ME,Lipari,14.952654157850835,38.460829714044905,83041
14.6822664109,Gatto,Torre,privati,Denominazione dovuta probabilente al soprannome di una famiglia del luogo.,Val Demone,http://gis.osservatorioturistico.sicilia.it/doc/foto/torri/Gatto_ME.jpg,buono,privata,http://gis.osservatorioturistico.sicilia.it/doc/foto/torri/ico/ico_Gatto_ME.jpg,"SS113 km115,300",ME,Torrenova,14.682266410877244,38.090892542421344,83108
15.10654054,Torretta Piazza Europa,Garitta,pubblica,Garitta militare di epoca spagnola.,Val Demone,http://gis.osservatorioturistico.sicilia.it/doc/foto/torri/Piazza Europa_CT.jpg,buono,pubblica,http://gis.osservatorioturistico.sicilia.it/doc/foto/torri/ico/ico_Piazza Europa CT.jpg,Piazza Europa,CT,Catania,15.106540539974985,37.51673783315479,87015
15.1156701563,Torretta di Ognina,Garitta,pubblica,Garitta militare di epoca spagnola.,Val Demone,http://gis.osservatorioturistico.sicilia.it/doc/foto/torri/Ognina lungomare CT.jpg,buono,pubblica,http://gis.osservatorioturistico.sicilia.it/doc/foto/torri/ico/ico_Ognina lungomare CT.jpg,"Via Artale Alagona,Lungomare Ognina",CT,Catania,15.115670156335367,37.52800698813665,87015
15.1764431478,Alessandrano,Torre,privati,Torriglione o torre Vecchia.,Val Demone,http://gis.osservatorioturistico.sicilia.it/doc/foto/torri/Alessandrano CT.jpg,cattivo,pubblica,http://gis.osservatorioturistico.sicilia.it/doc/foto/torri/ico/ico_Alessandrano_CT.jpg,SS114 ingresso Capo Mulini,CT,Acireale,15.1764431478022,37.576331153341215,87004
15.4402670834,Capo Grosso,Torre,incerta,,Val Demone,http://gis.osservatorioturistico.sicilia.it/doc/foto/torri/Capo Grosso ME.jpg,cattivo,pubblica,http://gis.osservatorioturistico.sicilia.it/doc/foto/torri/ico/ico_Capo Grosso ME.jpg,Capo di Alì o Capo Grosso,ME,Alì Terme,15.440267083368472,38.01833251603215,83003
15.4660788575,Tarantonio,Torre,iIncerta,Torre Vecchio.,Val Demone,http://gis.osservatorioturistico.sicilia.it/doc/foto/torri/,cattivo,privata,http://gis.osservatorioturistico.sicilia.it/doc/foto/torri/ico/ico_Tarantonio_ME.jpg,Altura a ovest torrente Tarantonio,ME,Messina,15.466078857488531,38.258190896178014,83048
15.2352086903,Capo Bianco,Torre,incerta,Torre o guardiola di Capo Bianco; o torre Longa.,Val Demone,http://gis.osservatorioturistico.sicilia.it/doc/foto/torri/Capo Bianco_ME.jpg,cattivo,pubblica,http://gis.osservatorioturistico.sicilia.it/doc/foto/torri/ico/ico_Capo_Bianco_ME.jpg,C/da Baronia,ME,Milazzo,15.235208690254776,38.26714539937348,83049
15.2264863616,Ottagonale di Milazzo,Torretta,privati,o della baia di Sant'Antonio; o di Punta Messinese;o d'Amico; o torre del Palombaro.,Val Demone,http://gis.osservatorioturistico.sicilia.it/doc/foto/torri/Ottagonale_Milazzo_ME.jpg,cattivo,privata,http://gis.osservatorioturistico.sicilia.it/doc/foto/torri/ico/ico_Ottagonale Milazzo_ME.jpg,Punta Messinese,ME,Milazzo,15.226486361637892,38.26809978373532,83049
15.0140240057,Sciacca,Torre,privati,,Val Demone,http://gis.osservatorioturistico.sicilia.it/doc/foto/torri/Sciacca_ME.JPG,cattivo,privata,http://gis.osservatorioturistico.sicilia.it/doc/foto/torri/ico/ico_ Sciacca_ME.jpg,"SS 113 km 71,100 Via San Salvatore",ME,Mongiove,15.014024005673622,38.14435187051362,83066
14.6333967303,Sant'Agata,Torre,baronale,,Val Demone,http://gis.osservatorioturistico.sicilia.it/doc/foto/torri/Sant'Agata_ME.jpg,buono,pubblica,http://gis.osservatorioturistico.sicilia.it/doc/foto/torri/ico/ico_Sant'Agata_ME.jpg,Lungomare,ME,Sant'Agata di Militello,14.63339673025103,38.06962413725861,83084
14.4468623414,Caronia,Torre,privati,Torre della Marina di Caronia; torre della tonnara di Caronia.,Val Demone,http://gis.osservatorioturistico.sicilia.it/doc/foto/torri/,buono,privata,http://gis.osservatorioturistico.sicilia.it/doc/foto/torri/ico/ico_torre_Marina _di Caronia_ME.jpg,Marina di Caronia,ME,Caronia,14.446862341393524,38.03208685682469,83011
14.1521916274,Ammazzagatto,Torre,privati,Torre Vecchia; il nome del luogo è anche storpiato in Malgagatto da Villabianca e Mangiagatto,Val Demone,http://gis.osservatorioturistico.sicilia.it/doc/foto/torri/Ammazzagatto_PA.jpg,cattivo,privata,http://gis.osservatorioturistico.sicilia.it/doc/foto/torri/ico/ico_ammazzagatto_PA.jpg,"SS113 Km 173,100",PA,Pollina,14.152191627364582,38.02526639120647,82059
14.0876491712,Sant'Ambrogio,Torre,deputazione,,Val Demone,http://gis.osservatorioturistico.sicilia.it/doc/foto/torri/Sant'Ambrogio_PA.jpg,cattivo,pubblica,http://gis.osservatorioturistico.sicilia.it/doc/foto/torri/ico/ico_Sant'Ambrogio_PA.jpg,Sant'Ambrogio,PA,Cefalù,14.087649171233243,38.01919797807481,82027
14.0002493753,Grugno,Torre,deputazione,I resti della ipotetica torre si trovano all'interno del Club Mediterranèe.,Val Demone,http://gis.osservatorioturistico.sicilia.it/doc/foto/torri/,cattivo,privata,http://gis.osservatorioturistico.sicilia.it/doc/foto/torri/ico/ico_torre del Grugno_PA.jpg,"SS 113 km 188,900",PA,Cefalù,14.00024937534261,38.03263514081913,82027
14.4603650146,Vigliena o Braccetto,Torre,deputazione,Torre Vigliena; torre Brazzetto (ora Braccetto); torre Portozetto; torre della Colombara.,Val Demone,http://gis.osservatorioturistico.sicilia.it/doc/foto/torri/Vigliena o Braccetto_RG.jpg,cattivo,pubblica,http://gis.osservatorioturistico.sicilia.it/doc/foto/torri/ico/ico_Vigliena o Braccetto_RG.jpg,Punta Braccetto,RG,Santa Croce Camerina,14.460365014641228,36.814313789536925,88010
14.4795387832,di Pietro,Torre,deputazione,Torre di Punta di Pietro o di Pietra; torre di Santa Croce; torre di Mezzo.,Val di Noto,http://gis.osservatorioturistico.sicilia.it/doc/foto/torri/,cattivo,pubblica,http://gis.osservatorioturistico.sicilia.it/doc/foto/torri/ico/ico_torre di Pietro_RG.jpg,Punta Secca,RG,Santa Croce Camerina,14.479538783217093,36.799023418586806,88010
13.2817457482,Punta Barcarello,Fortino,incerto,Fortino di Punta Barcarello(originariamente Punta Vaccarella o Vaccarello),Val di Mazara,http://gis.osservatorioturistico.sicilia.it/doc/foto/torri/,discreto,pubblica,http://gis.osservatorioturistico.sicilia.it/doc/foto/torri/ico/,Punta Barcarello,PA,Palermo,13.28174574815631,38.21008234396618,82053
12.8145066573,Bennisti,Torre,privati,o torre Bennistri. E' stata restaurata nel 2015.,Val di Mazara,http://gis.osservatorioturistico.sicilia.it/doc/foto/torri/Bennisti_TP.jpg,ottimo,pubblica,http://gis.osservatorioturistico.sicilia.it/doc/foto/torri/ico/ico_Bennisti_TP.jpg,Scopello,TP,Castellammare del Golfo,12.81450665728152,38.06829993555163,81005
12.8216223068,Tonnara di Scopello,Torre,privati,,Val di Mazara,http://gis.osservatorioturistico.sicilia.it/doc/foto/torri/tonnara_di_Scopello_TP.JPG,cattivo,privata,http://gis.osservatorioturistico.sicilia.it/doc/foto/torri/ico/ico_tonnara_di_Scopello_TP.jpg,Scopello,TP,Castellammare del Golfo,12.821622306771218,38.0714761078402,81005
12.6589852257,Torre di Cofano,,deputazione,Torre di San Giovanni di Cofano.,Val di Mazara,http://gis.osservatorioturistico.sicilia.it/doc/foto/torri/torre_di_Cofano_TP.jpg,ottimo,pubblica,http://gis.osservatorioturistico.sicilia.it/doc/foto/torri/ico/ico_torre_Cofano_TP.jpg,Litorale Monte Cofano,TP,Custonaci,12.658985225672252,38.10879882366333,81007
12.4587013768,San Teodoro B,Torre,privati,,Val di Mazara,http://gis.osservatorioturistico.sicilia.it/doc/foto/torri/,buono,privata,http://gis.osservatorioturistico.sicilia.it/doc/foto/torri/ico/ico_San Teodoro_ B_TP.jpg,Capo San Teodoro,TP,Marsala,12.458701376817912,37.907142171241595,81011
12.487254795,Lupa,Torre,privati,,Val di Mazara,http://gis.osservatorioturistico.sicilia.it/doc/foto/torri/torre_Lupa_TP.jpg,cattivo,privata,http://gis.osservatorioturistico.sicilia.it/doc/foto/torri/ico/ico_torre_Lupa_TP.jpg,San Leonardo,TP,Marsala,12.487254794966784,37.87576354531669,81011
13.1234817126,del Barone,Torre,privati,Torre della Schirina (in Castellalferro); torre dei Preti.Totalmente ricostruiya,Val di Mazara,http://gis.osservatorioturistico.sicilia.it/doc/foto/torri/torre del Barone_AG.jpg,ottimo,privata,http://gis.osservatorioturistico.sicilia.it/doc/foto/torri/ico/ico_torre del Barone_AG.jpg,3 km da Sciacca_dir. sud-est,AG,Sciacca,13.12348171256948,37.49598629340563,84041
13.324952174,Salsa,Torre,deputazione,Marinata o Marinola,Val di Mazara,http://gis.osservatorioturistico.sicilia.it/doc/foto/torri/torre_Salsa_AG.jpg,pessima,privata,http://gis.osservatorioturistico.sicilia.it/doc/foto/torri/ico/ico_torre_Salsa_AG.jpg,Punta di Marinata,AG,Siculiana,13.32495217402689,37.36452737793779,84042
